<?xml version="1.0" encoding="UTF-8"?>

<rule>
  <Name>BillPay: Dest. Account in Group</Name>
  <NameRBKey/>
  <GlobalId>1986_64c7559c484de47d3d2995234f1b48cc</GlobalId>
  <VersionId/>
  <MinCompatVersion>10.1.4.5</MinCompatVersion>
  <MaxCompatVersion>10.1.4.5</MaxCompatVersion>
  <Description>Checks to see if the destination account number is in a group.</Description>
  <DescriptionRBKey/>
  <Type>5</Type>
  <Status>1</Status>
  <Metadata><![CDATA[NEW_RULE_TEMPLATE]]></Metadata>
  <Filedata><![CDATA[
<rule name="BillPay: Dest. Account in Group" no-loop="true" salience="100"><parameter identifier="trackerSession"><class>VCryptTrackerSession</class></parameter><parameter identifier="trackerUser"><class>VCryptTrackerUser</class></parameter><parameter identifier="trackerDevice"><class>VCryptTrackerDevice</class></parameter><parameter identifier="trackerLocation"><class>VCryptTrackerLocation</class></parameter><parameter identifier="trackerTransaction"><class>VCryptTrackerTransaction</class></parameter><parameter identifier="trackerAutoLearning"><class>VCryptTrackerAutoLearning</class></parameter><parameter identifier="deviceData"><class>DeviceData</class></parameter><java:condition>trackerTransaction.checkCurrentTransaction(trxDefKey, 
										com.bharosa.vcrypt.tracker.rules.filter.FilterExpr.getFilter(new com.bharosa.vcrypt.tracker.rules.filter.Filter[]{
										new com.bharosa.vcrypt.tracker.rules.filter.Filter(filter1Key, filter1Condition),new com.bharosa.vcrypt.tracker.rules.filter.Filter(filter2Key, filter2Condition),
										new com.bharosa.vcrypt.tracker.rules.filter.Filter(filter3Key, filter3Condition),new com.bharosa.vcrypt.tracker.rules.filter.Filter(filter4Key, filter4Condition),
										new com.bharosa.vcrypt.tracker.rules.filter.Filter(filter5Key, filter5Condition),new com.bharosa.vcrypt.tracker.rules.filter.Filter(filter6Key, filter6Condition)
	}))</java:condition><java:consequence>RuleProcessor.processRule(ruleInstance, result, trackerSession);</java:consequence></rule>]]></Filedata>
  <ConditionMapList>
    <ConditionMap>
      <GlobalId>1987_2dabea53964f4c31cd8c2a28aee6c940</GlobalId>
      <ConditionGlobalId>check_current_transaction_using_filter_condition</ConditionGlobalId>
      <IsPrecondition>false</IsPrecondition>
      <DisplayOrder>1</DisplayOrder>
      <ExecutionOrder>1</ExecutionOrder>
      <CustomizedParamList>
        <CustomizedParam>
          <ParamGlobalId>check_current_transaction_using_filter_condition.param.trxDefKey</ParamGlobalId>
          <DefaultValue>txnDefKey#^#bill_pay</DefaultValue>
          <Description/>
          <DescriptionRBKey>tracker.rule.condition.param.custom.1986_64c7559c484de47d3d2995234f1b48cc.check_current_transaction_using_filter_condition.203.trxDefKey.1274384238004.description.RBKey</DescriptionRBKey>
          <Name>trxDefKey</Name>
          <ParamNameRBKey>tracker.rule.condition.param.custom.1986_64c7559c484de47d3d2995234f1b48cc.check_current_transaction_using_filter_condition.203.trxDefKey.1274384238004.name.RBKey</ParamNameRBKey>
          <PromptLabel>Select Transaction to check</PromptLabel>
          <PromptLabelRBKey>tracker.rule.condition.param.custom.1986_64c7559c484de47d3d2995234f1b48cc.check_current_transaction_using_filter_condition.203.trxDefKey.1274384238004.label.RBKey</PromptLabelRBKey>
        </CustomizedParam>
        <CustomizedParam>
          <ParamGlobalId>check_current_transaction_using_filter_condition.param.filter1Key</ParamGlobalId>
          <DefaultValue>FILTER_KEY_TYPE#^#3#^#txnDefKey#^#bill_pay#^#entityRelType#^#Bill Pay Destination#^#entityDefKey#^#dest_account</DefaultValue>
          <Description/>
          <DescriptionRBKey>tracker.rule.condition.param.custom.1986_64c7559c484de47d3d2995234f1b48cc.check_current_transaction_using_filter_condition.203.filter1Key.1274384238018.description.RBKey</DescriptionRBKey>
          <Name>filter1Key</Name>
          <ParamNameRBKey>tracker.rule.condition.param.custom.1986_64c7559c484de47d3d2995234f1b48cc.check_current_transaction_using_filter_condition.203.filter1Key.1274384238018.name.RBKey</ParamNameRBKey>
          <PromptLabel>Conditions to check</PromptLabel>
          <PromptLabelRBKey>tracker.rule.condition.param.custom.1986_64c7559c484de47d3d2995234f1b48cc.check_current_transaction_using_filter_condition.203.filter1Key.1274384238018.label.RBKey</PromptLabelRBKey>
        </CustomizedParam>
        <CustomizedParam>
          <ParamGlobalId>check_current_transaction_using_filter_condition.param.filter1Condition</ParamGlobalId>
          <DefaultValue>FILTER_CONDITION#^#11#^#FILTER_VALUE_TYPE#^#2#^#FILTER_VALUE#^#</DefaultValue>
          <Description/>
          <DescriptionRBKey>tracker.rule.condition.param.custom.1986_64c7559c484de47d3d2995234f1b48cc.check_current_transaction_using_filter_condition.203.filter1Condition.1274384238030.description.RBKey</DescriptionRBKey>
          <Name>filter1Condition</Name>
          <ParamNameRBKey>tracker.rule.condition.param.custom.1986_64c7559c484de47d3d2995234f1b48cc.check_current_transaction_using_filter_condition.203.filter1Condition.1274384238030.name.RBKey</ParamNameRBKey>
          <PromptLabel>Condition</PromptLabel>
          <PromptLabelRBKey>tracker.rule.condition.param.custom.1986_64c7559c484de47d3d2995234f1b48cc.check_current_transaction_using_filter_condition.203.filter1Condition.1274384238030.label.RBKey</PromptLabelRBKey>
        </CustomizedParam>
        <CustomizedParam>
          <ParamGlobalId>check_current_transaction_using_filter_condition.param.filter2Key</ParamGlobalId>
          <DefaultValue/>
          <Description/>
          <DescriptionRBKey>tracker.rule.condition.param.custom.1986_64c7559c484de47d3d2995234f1b48cc.check_current_transaction_using_filter_condition.203.filter2Key.1274384238038.description.RBKey</DescriptionRBKey>
          <Name>filter2Key</Name>
          <ParamNameRBKey>tracker.rule.condition.param.custom.1986_64c7559c484de47d3d2995234f1b48cc.check_current_transaction_using_filter_condition.203.filter2Key.1274384238038.name.RBKey</ParamNameRBKey>
          <PromptLabel>and</PromptLabel>
          <PromptLabelRBKey>tracker.rule.condition.param.custom.1986_64c7559c484de47d3d2995234f1b48cc.check_current_transaction_using_filter_condition.203.filter2Key.1274384238038.label.RBKey</PromptLabelRBKey>
        </CustomizedParam>
        <CustomizedParam>
          <ParamGlobalId>check_current_transaction_using_filter_condition.param.filter2Condition</ParamGlobalId>
          <DefaultValue/>
          <Description/>
          <DescriptionRBKey>tracker.rule.condition.param.custom.1986_64c7559c484de47d3d2995234f1b48cc.check_current_transaction_using_filter_condition.203.filter2Condition.1274384238053.description.RBKey</DescriptionRBKey>
          <Name>filter2Condition</Name>
          <ParamNameRBKey>tracker.rule.condition.param.custom.1986_64c7559c484de47d3d2995234f1b48cc.check_current_transaction_using_filter_condition.203.filter2Condition.1274384238053.name.RBKey</ParamNameRBKey>
          <PromptLabel>Condition</PromptLabel>
          <PromptLabelRBKey>tracker.rule.condition.param.custom.1986_64c7559c484de47d3d2995234f1b48cc.check_current_transaction_using_filter_condition.203.filter2Condition.1274384238053.label.RBKey</PromptLabelRBKey>
        </CustomizedParam>
        <CustomizedParam>
          <ParamGlobalId>check_current_transaction_using_filter_condition.param.filter3Key</ParamGlobalId>
          <DefaultValue/>
          <Description/>
          <DescriptionRBKey>tracker.rule.condition.param.custom.1986_64c7559c484de47d3d2995234f1b48cc.check_current_transaction_using_filter_condition.203.filter3Key.1274384238061.description.RBKey</DescriptionRBKey>
          <Name>filter3Key</Name>
          <ParamNameRBKey>tracker.rule.condition.param.custom.1986_64c7559c484de47d3d2995234f1b48cc.check_current_transaction_using_filter_condition.203.filter3Key.1274384238061.name.RBKey</ParamNameRBKey>
          <PromptLabel>and</PromptLabel>
          <PromptLabelRBKey>tracker.rule.condition.param.custom.1986_64c7559c484de47d3d2995234f1b48cc.check_current_transaction_using_filter_condition.203.filter3Key.1274384238061.label.RBKey</PromptLabelRBKey>
        </CustomizedParam>
        <CustomizedParam>
          <ParamGlobalId>check_current_transaction_using_filter_condition.param.filter3Condition</ParamGlobalId>
          <DefaultValue/>
          <Description/>
          <DescriptionRBKey>tracker.rule.condition.param.custom.1986_64c7559c484de47d3d2995234f1b48cc.check_current_transaction_using_filter_condition.203.filter3Condition.1274384238070.description.RBKey</DescriptionRBKey>
          <Name>filter3Condition</Name>
          <ParamNameRBKey>tracker.rule.condition.param.custom.1986_64c7559c484de47d3d2995234f1b48cc.check_current_transaction_using_filter_condition.203.filter3Condition.1274384238070.name.RBKey</ParamNameRBKey>
          <PromptLabel>Condition</PromptLabel>
          <PromptLabelRBKey>tracker.rule.condition.param.custom.1986_64c7559c484de47d3d2995234f1b48cc.check_current_transaction_using_filter_condition.203.filter3Condition.1274384238070.label.RBKey</PromptLabelRBKey>
        </CustomizedParam>
        <CustomizedParam>
          <ParamGlobalId>check_current_transaction_using_filter_condition.param.filter4Key</ParamGlobalId>
          <DefaultValue/>
          <Description/>
          <DescriptionRBKey>tracker.rule.condition.param.custom.1986_64c7559c484de47d3d2995234f1b48cc.check_current_transaction_using_filter_condition.203.filter4Key.1274384238078.description.RBKey</DescriptionRBKey>
          <Name>filter4Key</Name>
          <ParamNameRBKey>tracker.rule.condition.param.custom.1986_64c7559c484de47d3d2995234f1b48cc.check_current_transaction_using_filter_condition.203.filter4Key.1274384238078.name.RBKey</ParamNameRBKey>
          <PromptLabel>and</PromptLabel>
          <PromptLabelRBKey>tracker.rule.condition.param.custom.1986_64c7559c484de47d3d2995234f1b48cc.check_current_transaction_using_filter_condition.203.filter4Key.1274384238078.label.RBKey</PromptLabelRBKey>
        </CustomizedParam>
        <CustomizedParam>
          <ParamGlobalId>check_current_transaction_using_filter_condition.param.filter4Condition</ParamGlobalId>
          <DefaultValue/>
          <Description/>
          <DescriptionRBKey>tracker.rule.condition.param.custom.1986_64c7559c484de47d3d2995234f1b48cc.check_current_transaction_using_filter_condition.203.filter4Condition.1274384238086.description.RBKey</DescriptionRBKey>
          <Name>filter4Condition</Name>
          <ParamNameRBKey>tracker.rule.condition.param.custom.1986_64c7559c484de47d3d2995234f1b48cc.check_current_transaction_using_filter_condition.203.filter4Condition.1274384238086.name.RBKey</ParamNameRBKey>
          <PromptLabel>Condition</PromptLabel>
          <PromptLabelRBKey>tracker.rule.condition.param.custom.1986_64c7559c484de47d3d2995234f1b48cc.check_current_transaction_using_filter_condition.203.filter4Condition.1274384238086.label.RBKey</PromptLabelRBKey>
        </CustomizedParam>
        <CustomizedParam>
          <ParamGlobalId>check_current_transaction_using_filter_condition.param.filter5Key</ParamGlobalId>
          <DefaultValue/>
          <Description/>
          <DescriptionRBKey>tracker.rule.condition.param.custom.1986_64c7559c484de47d3d2995234f1b48cc.check_current_transaction_using_filter_condition.203.filter5Key.1274384238094.description.RBKey</DescriptionRBKey>
          <Name>filter5Key</Name>
          <ParamNameRBKey>tracker.rule.condition.param.custom.1986_64c7559c484de47d3d2995234f1b48cc.check_current_transaction_using_filter_condition.203.filter5Key.1274384238094.name.RBKey</ParamNameRBKey>
          <PromptLabel>and</PromptLabel>
          <PromptLabelRBKey>tracker.rule.condition.param.custom.1986_64c7559c484de47d3d2995234f1b48cc.check_current_transaction_using_filter_condition.203.filter5Key.1274384238094.label.RBKey</PromptLabelRBKey>
        </CustomizedParam>
        <CustomizedParam>
          <ParamGlobalId>check_current_transaction_using_filter_condition.param.filter5Condition</ParamGlobalId>
          <DefaultValue/>
          <Description/>
          <DescriptionRBKey>tracker.rule.condition.param.custom.1986_64c7559c484de47d3d2995234f1b48cc.check_current_transaction_using_filter_condition.203.filter5Condition.1274384238103.description.RBKey</DescriptionRBKey>
          <Name>filter5Condition</Name>
          <ParamNameRBKey>tracker.rule.condition.param.custom.1986_64c7559c484de47d3d2995234f1b48cc.check_current_transaction_using_filter_condition.203.filter5Condition.1274384238103.name.RBKey</ParamNameRBKey>
          <PromptLabel>Condition</PromptLabel>
          <PromptLabelRBKey>tracker.rule.condition.param.custom.1986_64c7559c484de47d3d2995234f1b48cc.check_current_transaction_using_filter_condition.203.filter5Condition.1274384238103.label.RBKey</PromptLabelRBKey>
        </CustomizedParam>
        <CustomizedParam>
          <ParamGlobalId>check_current_transaction_using_filter_condition.param.filter6Key</ParamGlobalId>
          <DefaultValue/>
          <Description/>
          <DescriptionRBKey>tracker.rule.condition.param.custom.1986_64c7559c484de47d3d2995234f1b48cc.check_current_transaction_using_filter_condition.203.filter6Key.1274384238110.description.RBKey</DescriptionRBKey>
          <Name>filter6Key</Name>
          <ParamNameRBKey>tracker.rule.condition.param.custom.1986_64c7559c484de47d3d2995234f1b48cc.check_current_transaction_using_filter_condition.203.filter6Key.1274384238110.name.RBKey</ParamNameRBKey>
          <PromptLabel>and</PromptLabel>
          <PromptLabelRBKey>tracker.rule.condition.param.custom.1986_64c7559c484de47d3d2995234f1b48cc.check_current_transaction_using_filter_condition.203.filter6Key.1274384238110.label.RBKey</PromptLabelRBKey>
        </CustomizedParam>
        <CustomizedParam>
          <ParamGlobalId>check_current_transaction_using_filter_condition.param.filter6Condition</ParamGlobalId>
          <DefaultValue/>
          <Description/>
          <DescriptionRBKey>tracker.rule.condition.param.custom.1986_64c7559c484de47d3d2995234f1b48cc.check_current_transaction_using_filter_condition.203.filter6Condition.1274384238119.description.RBKey</DescriptionRBKey>
          <Name>filter6Condition</Name>
          <ParamNameRBKey>tracker.rule.condition.param.custom.1986_64c7559c484de47d3d2995234f1b48cc.check_current_transaction_using_filter_condition.203.filter6Condition.1274384238119.name.RBKey</ParamNameRBKey>
          <PromptLabel>Condition</PromptLabel>
          <PromptLabelRBKey>tracker.rule.condition.param.custom.1986_64c7559c484de47d3d2995234f1b48cc.check_current_transaction_using_filter_condition.203.filter6Condition.1274384238119.label.RBKey</PromptLabelRBKey>
        </CustomizedParam>
      </CustomizedParamList>
    </ConditionMap>
  </ConditionMapList>
</rule>
