<?xml version="1.0" encoding="UTF-8"?>

<rule>
  <Name>BillPay: First time transfer destination</Name>
  <NameRBKey/>
  <GlobalId>1855_15707f52f40e8c39eb100af24fc28b65</GlobalId>
  <VersionId/>
  <MinCompatVersion>10.1.4.5</MinCompatVersion>
  <MaxCompatVersion>10.1.4.5</MaxCompatVersion>
  <Description>The user has never used this account as a destination account before.</Description>
  <DescriptionRBKey/>
  <Type>5</Type>
  <Status>1</Status>
  <Metadata><![CDATA[NEW_RULE_TEMPLATE]]></Metadata>
  <Filedata><![CDATA[
<rule name="BillPay: First time transfer destination" no-loop="true" salience="100"><parameter identifier="trackerSession"><class>VCryptTrackerSession</class></parameter><parameter identifier="trackerUser"><class>VCryptTrackerUser</class></parameter><parameter identifier="trackerDevice"><class>VCryptTrackerDevice</class></parameter><parameter identifier="trackerLocation"><class>VCryptTrackerLocation</class></parameter><parameter identifier="trackerTransaction"><class>VCryptTrackerTransaction</class></parameter><parameter identifier="trackerAutoLearning"><class>VCryptTrackerAutoLearning</class></parameter><parameter identifier="deviceData"><class>DeviceData</class></parameter><java:condition>trackerTransaction.checkTransactionAggregrateAndCount(trxDefKey, null,
											durationDescriptor, transactionStatusEnum, forTheSameCurrentUserId,ignoreCurrentTransactionInCount, null, null, specifiedConditionEnumForCount, specifiedValueForCount, 
											com.bharosa.vcrypt.tracker.rules.filter.FilterExpr.getFilter(new com.bharosa.vcrypt.tracker.rules.filter.Filter[]{
											new com.bharosa.vcrypt.tracker.rules.filter.Filter(filter1Key, filter1Condition),new com.bharosa.vcrypt.tracker.rules.filter.Filter(filter2Key, filter2Condition),new com.bharosa.vcrypt.tracker.rules.filter.Filter(filter3Key, filter3Condition),
											new com.bharosa.vcrypt.tracker.rules.filter.Filter(filter4Key, filter4Condition),new com.bharosa.vcrypt.tracker.rules.filter.Filter(filter5Key, filter5Condition),
											new com.bharosa.vcrypt.tracker.rules.filter.Filter(filter6Key, filter6Condition)}),applyFilterOnCurrentTransaction)</java:condition><java:consequence>RuleProcessor.processRule(ruleInstance, result, trackerSession);</java:consequence></rule>]]></Filedata>
  <ConditionMapList>
    <ConditionMap>
      <GlobalId>1904_178c4b771ff0b810bec93ef63e1f0bfe</GlobalId>
      <ConditionGlobalId>trx_count_based_on_filter_condition</ConditionGlobalId>
      <IsPrecondition>false</IsPrecondition>
      <DisplayOrder>1</DisplayOrder>
      <ExecutionOrder>2</ExecutionOrder>
      <CustomizedParamList>
        <CustomizedParam>
          <ParamGlobalId>trx_count_based_on_filter_condition.param.trxDefKey</ParamGlobalId>
          <DefaultValue>txnDefKey#^#bill_pay</DefaultValue>
          <Description/>
          <DescriptionRBKey>tracker.rule.condition.param.custom.1855_15707f52f40e8c39eb100af24fc28b65.trx_count_based_on_filter_condition.202.trxDefKey.1274383466377.description.RBKey</DescriptionRBKey>
          <Name>trxDefKey</Name>
          <ParamNameRBKey>tracker.rule.condition.param.custom.1855_15707f52f40e8c39eb100af24fc28b65.trx_count_based_on_filter_condition.202.trxDefKey.1274383466377.name.RBKey</ParamNameRBKey>
          <PromptLabel>Select Transaction to check</PromptLabel>
          <PromptLabelRBKey>tracker.rule.condition.param.custom.1855_15707f52f40e8c39eb100af24fc28b65.trx_count_based_on_filter_condition.202.trxDefKey.1274383466377.label.RBKey</PromptLabelRBKey>
        </CustomizedParam>
        <CustomizedParam>
          <ParamGlobalId>trx_count_based_on_filter_condition.param.specifiedConditionEnumForCount</ParamGlobalId>
          <DefaultValue>tracker.transaction.data.conditions.enum.lessthan</DefaultValue>
          <Description/>
          <DescriptionRBKey>tracker.rule.condition.param.custom.1855_15707f52f40e8c39eb100af24fc28b65.trx_count_based_on_filter_condition.202.specifiedConditionEnumForCount.1274383466387.description.RBKey</DescriptionRBKey>
          <Name>specifiedConditionEnumForCount</Name>
          <ParamNameRBKey>tracker.rule.condition.param.custom.1855_15707f52f40e8c39eb100af24fc28b65.trx_count_based_on_filter_condition.202.specifiedConditionEnumForCount.1274383466387.name.RBKey</ParamNameRBKey>
          <PromptLabel>Select condition</PromptLabel>
          <PromptLabelRBKey>tracker.rule.condition.param.custom.1855_15707f52f40e8c39eb100af24fc28b65.trx_count_based_on_filter_condition.202.specifiedConditionEnumForCount.1274383466387.label.RBKey</PromptLabelRBKey>
        </CustomizedParam>
        <CustomizedParam>
          <ParamGlobalId>trx_count_based_on_filter_condition.param.specifiedValueForCount</ParamGlobalId>
          <DefaultValue>3</DefaultValue>
          <Description/>
          <DescriptionRBKey>tracker.rule.condition.param.custom.1855_15707f52f40e8c39eb100af24fc28b65.trx_count_based_on_filter_condition.202.specifiedValueForCount.1274383466396.description.RBKey</DescriptionRBKey>
          <Name>specifiedValueForCount</Name>
          <ParamNameRBKey>tracker.rule.condition.param.custom.1855_15707f52f40e8c39eb100af24fc28b65.trx_count_based_on_filter_condition.202.specifiedValueForCount.1274383466396.name.RBKey</ParamNameRBKey>
          <PromptLabel>Specify count value to check</PromptLabel>
          <PromptLabelRBKey>tracker.rule.condition.param.custom.1855_15707f52f40e8c39eb100af24fc28b65.trx_count_based_on_filter_condition.202.specifiedValueForCount.1274383466396.label.RBKey</PromptLabelRBKey>
        </CustomizedParam>
        <CustomizedParam>
          <ParamGlobalId>trx_count_based_on_filter_condition.param.durationDescriptor</ParamGlobalId>
          <DefaultValue>DURATION_TYPE#^#1#^#DURATION_VALUE#^#3#^#DURATION_UNIT#^#7</DefaultValue>
          <Description/>
          <DescriptionRBKey>tracker.rule.condition.param.custom.1855_15707f52f40e8c39eb100af24fc28b65.trx_count_based_on_filter_condition.202.durationDescriptor.1274383466404.description.RBKey</DescriptionRBKey>
          <Name>durationDescriptor</Name>
          <ParamNameRBKey>tracker.rule.condition.param.custom.1855_15707f52f40e8c39eb100af24fc28b65.trx_count_based_on_filter_condition.202.durationDescriptor.1274383466404.name.RBKey</ParamNameRBKey>
          <PromptLabel>Duration</PromptLabel>
          <PromptLabelRBKey>tracker.rule.condition.param.custom.1855_15707f52f40e8c39eb100af24fc28b65.trx_count_based_on_filter_condition.202.durationDescriptor.1274383466404.label.RBKey</PromptLabelRBKey>
        </CustomizedParam>
        <CustomizedParam>
          <ParamGlobalId>trx_count_based_on_filter_condition.param.transactionStatusEnum</ParamGlobalId>
          <DefaultValue/>
          <Description/>
          <DescriptionRBKey>tracker.rule.condition.param.custom.1855_15707f52f40e8c39eb100af24fc28b65.trx_count_based_on_filter_condition.202.transactionStatusEnum.1274383466413.description.RBKey</DescriptionRBKey>
          <Name>transactionStatusEnum</Name>
          <ParamNameRBKey>tracker.rule.condition.param.custom.1855_15707f52f40e8c39eb100af24fc28b65.trx_count_based_on_filter_condition.202.transactionStatusEnum.1274383466413.name.RBKey</ParamNameRBKey>
          <PromptLabel>Transaction Status</PromptLabel>
          <PromptLabelRBKey>tracker.rule.condition.param.custom.1855_15707f52f40e8c39eb100af24fc28b65.trx_count_based_on_filter_condition.202.transactionStatusEnum.1274383466413.label.RBKey</PromptLabelRBKey>
        </CustomizedParam>
        <CustomizedParam>
          <ParamGlobalId>trx_count_based_on_filter_condition.param.ignoreCurrentTransactionInCount</ParamGlobalId>
          <DefaultValue>false</DefaultValue>
          <Description/>
          <DescriptionRBKey>tracker.rule.condition.param.custom.1855_15707f52f40e8c39eb100af24fc28b65.trx_count_based_on_filter_condition.202.ignoreCurrentTransactionInCount.1274383466423.description.RBKey</DescriptionRBKey>
          <Name>ignoreCurrentTransactionInCount</Name>
          <ParamNameRBKey>tracker.rule.condition.param.custom.1855_15707f52f40e8c39eb100af24fc28b65.trx_count_based_on_filter_condition.202.ignoreCurrentTransactionInCount.1274383466423.name.RBKey</ParamNameRBKey>
          <PromptLabel>Ignore Current Transaction in count?</PromptLabel>
          <PromptLabelRBKey>tracker.rule.condition.param.custom.1855_15707f52f40e8c39eb100af24fc28b65.trx_count_based_on_filter_condition.202.ignoreCurrentTransactionInCount.1274383466423.label.RBKey</PromptLabelRBKey>
        </CustomizedParam>
        <CustomizedParam>
          <ParamGlobalId>trx_count_based_on_filter_condition.param.forTheSameCurrentUserId</ParamGlobalId>
          <DefaultValue>true</DefaultValue>
          <Description/>
          <DescriptionRBKey>tracker.rule.condition.param.custom.1855_15707f52f40e8c39eb100af24fc28b65.trx_count_based_on_filter_condition.202.forTheSameCurrentUserId.1274383466430.description.RBKey</DescriptionRBKey>
          <Name>forTheSameCurrentUserId</Name>
          <ParamNameRBKey>tracker.rule.condition.param.custom.1855_15707f52f40e8c39eb100af24fc28b65.trx_count_based_on_filter_condition.202.forTheSameCurrentUserId.1274383466430.name.RBKey</ParamNameRBKey>
          <PromptLabel>Consider only transactions of the current user?</PromptLabel>
          <PromptLabelRBKey>tracker.rule.condition.param.custom.1855_15707f52f40e8c39eb100af24fc28b65.trx_count_based_on_filter_condition.202.forTheSameCurrentUserId.1274383466430.label.RBKey</PromptLabelRBKey>
        </CustomizedParam>
        <CustomizedParam>
          <ParamGlobalId>trx_count_based_on_filter_condition.param.applyFilterOnCurrentTransaction</ParamGlobalId>
          <DefaultValue>true</DefaultValue>
          <Description/>
          <DescriptionRBKey>tracker.rule.condition.param.custom.1855_15707f52f40e8c39eb100af24fc28b65.trx_count_based_on_filter_condition.202.applyFilterOnCurrentTransaction.1274383466441.description.RBKey</DescriptionRBKey>
          <Name>applyFilterOnCurrentTransaction</Name>
          <ParamNameRBKey>tracker.rule.condition.param.custom.1855_15707f52f40e8c39eb100af24fc28b65.trx_count_based_on_filter_condition.202.applyFilterOnCurrentTransaction.1274383466441.name.RBKey</ParamNameRBKey>
          <PromptLabel>Apply the filter checks on current transaction first?</PromptLabel>
          <PromptLabelRBKey>tracker.rule.condition.param.custom.1855_15707f52f40e8c39eb100af24fc28b65.trx_count_based_on_filter_condition.202.applyFilterOnCurrentTransaction.1274383466441.label.RBKey</PromptLabelRBKey>
        </CustomizedParam>
        <CustomizedParam>
          <ParamGlobalId>trx_count_based_on_filter_condition.param.filter1Key</ParamGlobalId>
          <DefaultValue>FILTER_KEY_TYPE#^#5#^#txnDefKey#^#bill_pay#^#entityRelType#^#Bill Pay Destination#^#entityDefKey#^#dest_account#^#DataDefKey#^#data#^#DataElemDefKey#^#account_number</DefaultValue>
          <Description/>
          <DescriptionRBKey>tracker.rule.condition.param.custom.1855_15707f52f40e8c39eb100af24fc28b65.trx_count_based_on_filter_condition.202.filter1Key.1274383466448.description.RBKey</DescriptionRBKey>
          <Name>filter1Key</Name>
          <ParamNameRBKey>tracker.rule.condition.param.custom.1855_15707f52f40e8c39eb100af24fc28b65.trx_count_based_on_filter_condition.202.filter1Key.1274383466448.name.RBKey</ParamNameRBKey>
          <PromptLabel>Filter Condition</PromptLabel>
          <PromptLabelRBKey>tracker.rule.condition.param.custom.1855_15707f52f40e8c39eb100af24fc28b65.trx_count_based_on_filter_condition.202.filter1Key.1274383466448.label.RBKey</PromptLabelRBKey>
        </CustomizedParam>
        <CustomizedParam>
          <ParamGlobalId>trx_count_based_on_filter_condition.param.filter1Condition</ParamGlobalId>
          <DefaultValue>FILTER_CONDITION#^#1#^#FILTER_VALUE_TYPE#^#3#^#FILTER_KEY_TYPE#^#3#^#txnDefKey#^#bill_pay#^#entityRelType#^#Bill Pay Destination#^#entityDefKey#^#dest_account</DefaultValue>
          <Description/>
          <DescriptionRBKey>tracker.rule.condition.param.custom.1855_15707f52f40e8c39eb100af24fc28b65.trx_count_based_on_filter_condition.202.filter1Condition.1274383466457.description.RBKey</DescriptionRBKey>
          <Name>filter1Condition</Name>
          <ParamNameRBKey>tracker.rule.condition.param.custom.1855_15707f52f40e8c39eb100af24fc28b65.trx_count_based_on_filter_condition.202.filter1Condition.1274383466457.name.RBKey</ParamNameRBKey>
          <PromptLabel>Condition</PromptLabel>
          <PromptLabelRBKey>tracker.rule.condition.param.custom.1855_15707f52f40e8c39eb100af24fc28b65.trx_count_based_on_filter_condition.202.filter1Condition.1274383466457.label.RBKey</PromptLabelRBKey>
        </CustomizedParam>
        <CustomizedParam>
          <ParamGlobalId>trx_count_based_on_filter_condition.param.filter2Key</ParamGlobalId>
          <DefaultValue/>
          <Description/>
          <DescriptionRBKey>tracker.rule.condition.param.custom.1855_15707f52f40e8c39eb100af24fc28b65.trx_count_based_on_filter_condition.202.filter2Key.1274383466466.description.RBKey</DescriptionRBKey>
          <Name>filter2Key</Name>
          <ParamNameRBKey>tracker.rule.condition.param.custom.1855_15707f52f40e8c39eb100af24fc28b65.trx_count_based_on_filter_condition.202.filter2Key.1274383466466.name.RBKey</ParamNameRBKey>
          <PromptLabel>and</PromptLabel>
          <PromptLabelRBKey>tracker.rule.condition.param.custom.1855_15707f52f40e8c39eb100af24fc28b65.trx_count_based_on_filter_condition.202.filter2Key.1274383466466.label.RBKey</PromptLabelRBKey>
        </CustomizedParam>
        <CustomizedParam>
          <ParamGlobalId>trx_count_based_on_filter_condition.param.filter2Condition</ParamGlobalId>
          <DefaultValue/>
          <Description/>
          <DescriptionRBKey>tracker.rule.condition.param.custom.1855_15707f52f40e8c39eb100af24fc28b65.trx_count_based_on_filter_condition.202.filter2Condition.1274383466473.description.RBKey</DescriptionRBKey>
          <Name>filter2Condition</Name>
          <ParamNameRBKey>tracker.rule.condition.param.custom.1855_15707f52f40e8c39eb100af24fc28b65.trx_count_based_on_filter_condition.202.filter2Condition.1274383466473.name.RBKey</ParamNameRBKey>
          <PromptLabel>Condition:</PromptLabel>
          <PromptLabelRBKey>tracker.rule.condition.param.custom.1855_15707f52f40e8c39eb100af24fc28b65.trx_count_based_on_filter_condition.202.filter2Condition.1274383466473.label.RBKey</PromptLabelRBKey>
        </CustomizedParam>
        <CustomizedParam>
          <ParamGlobalId>trx_count_based_on_filter_condition.param.filter3Key</ParamGlobalId>
          <DefaultValue/>
          <Description/>
          <DescriptionRBKey>tracker.rule.condition.param.custom.1855_15707f52f40e8c39eb100af24fc28b65.trx_count_based_on_filter_condition.202.filter3Key.1274383466483.description.RBKey</DescriptionRBKey>
          <Name>filter3Key</Name>
          <ParamNameRBKey>tracker.rule.condition.param.custom.1855_15707f52f40e8c39eb100af24fc28b65.trx_count_based_on_filter_condition.202.filter3Key.1274383466483.name.RBKey</ParamNameRBKey>
          <PromptLabel>and</PromptLabel>
          <PromptLabelRBKey>tracker.rule.condition.param.custom.1855_15707f52f40e8c39eb100af24fc28b65.trx_count_based_on_filter_condition.202.filter3Key.1274383466483.label.RBKey</PromptLabelRBKey>
        </CustomizedParam>
        <CustomizedParam>
          <ParamGlobalId>trx_count_based_on_filter_condition.param.filter3Condition</ParamGlobalId>
          <DefaultValue/>
          <Description/>
          <DescriptionRBKey>tracker.rule.condition.param.custom.1855_15707f52f40e8c39eb100af24fc28b65.trx_count_based_on_filter_condition.202.filter3Condition.1274383466490.description.RBKey</DescriptionRBKey>
          <Name>filter3Condition</Name>
          <ParamNameRBKey>tracker.rule.condition.param.custom.1855_15707f52f40e8c39eb100af24fc28b65.trx_count_based_on_filter_condition.202.filter3Condition.1274383466490.name.RBKey</ParamNameRBKey>
          <PromptLabel>Condition:</PromptLabel>
          <PromptLabelRBKey>tracker.rule.condition.param.custom.1855_15707f52f40e8c39eb100af24fc28b65.trx_count_based_on_filter_condition.202.filter3Condition.1274383466490.label.RBKey</PromptLabelRBKey>
        </CustomizedParam>
        <CustomizedParam>
          <ParamGlobalId>trx_count_based_on_filter_condition.param.filter4Key</ParamGlobalId>
          <DefaultValue/>
          <Description/>
          <DescriptionRBKey>tracker.rule.condition.param.custom.1855_15707f52f40e8c39eb100af24fc28b65.trx_count_based_on_filter_condition.202.filter4Key.1274383466497.description.RBKey</DescriptionRBKey>
          <Name>filter4Key</Name>
          <ParamNameRBKey>tracker.rule.condition.param.custom.1855_15707f52f40e8c39eb100af24fc28b65.trx_count_based_on_filter_condition.202.filter4Key.1274383466497.name.RBKey</ParamNameRBKey>
          <PromptLabel>and</PromptLabel>
          <PromptLabelRBKey>tracker.rule.condition.param.custom.1855_15707f52f40e8c39eb100af24fc28b65.trx_count_based_on_filter_condition.202.filter4Key.1274383466497.label.RBKey</PromptLabelRBKey>
        </CustomizedParam>
        <CustomizedParam>
          <ParamGlobalId>trx_count_based_on_filter_condition.param.filter4Condition</ParamGlobalId>
          <DefaultValue/>
          <Description/>
          <DescriptionRBKey>tracker.rule.condition.param.custom.1855_15707f52f40e8c39eb100af24fc28b65.trx_count_based_on_filter_condition.202.filter4Condition.1274383466507.description.RBKey</DescriptionRBKey>
          <Name>filter4Condition</Name>
          <ParamNameRBKey>tracker.rule.condition.param.custom.1855_15707f52f40e8c39eb100af24fc28b65.trx_count_based_on_filter_condition.202.filter4Condition.1274383466507.name.RBKey</ParamNameRBKey>
          <PromptLabel>Condition</PromptLabel>
          <PromptLabelRBKey>tracker.rule.condition.param.custom.1855_15707f52f40e8c39eb100af24fc28b65.trx_count_based_on_filter_condition.202.filter4Condition.1274383466507.label.RBKey</PromptLabelRBKey>
        </CustomizedParam>
        <CustomizedParam>
          <ParamGlobalId>trx_count_based_on_filter_condition.param.filter5Key</ParamGlobalId>
          <DefaultValue/>
          <Description/>
          <DescriptionRBKey>tracker.rule.condition.param.custom.1855_15707f52f40e8c39eb100af24fc28b65.trx_count_based_on_filter_condition.202.filter5Key.1274383466514.description.RBKey</DescriptionRBKey>
          <Name>filter5Key</Name>
          <ParamNameRBKey>tracker.rule.condition.param.custom.1855_15707f52f40e8c39eb100af24fc28b65.trx_count_based_on_filter_condition.202.filter5Key.1274383466514.name.RBKey</ParamNameRBKey>
          <PromptLabel>and</PromptLabel>
          <PromptLabelRBKey>tracker.rule.condition.param.custom.1855_15707f52f40e8c39eb100af24fc28b65.trx_count_based_on_filter_condition.202.filter5Key.1274383466514.label.RBKey</PromptLabelRBKey>
        </CustomizedParam>
        <CustomizedParam>
          <ParamGlobalId>trx_count_based_on_filter_condition.param.filter5Condition</ParamGlobalId>
          <DefaultValue/>
          <Description/>
          <DescriptionRBKey>tracker.rule.condition.param.custom.1855_15707f52f40e8c39eb100af24fc28b65.trx_count_based_on_filter_condition.202.filter5Condition.1274383466521.description.RBKey</DescriptionRBKey>
          <Name>filter5Condition</Name>
          <ParamNameRBKey>tracker.rule.condition.param.custom.1855_15707f52f40e8c39eb100af24fc28b65.trx_count_based_on_filter_condition.202.filter5Condition.1274383466521.name.RBKey</ParamNameRBKey>
          <PromptLabel>Condition</PromptLabel>
          <PromptLabelRBKey>tracker.rule.condition.param.custom.1855_15707f52f40e8c39eb100af24fc28b65.trx_count_based_on_filter_condition.202.filter5Condition.1274383466521.label.RBKey</PromptLabelRBKey>
        </CustomizedParam>
        <CustomizedParam>
          <ParamGlobalId>trx_count_based_on_filter_condition.param.filter6Key</ParamGlobalId>
          <DefaultValue/>
          <Description/>
          <DescriptionRBKey>tracker.rule.condition.param.custom.1855_15707f52f40e8c39eb100af24fc28b65.trx_count_based_on_filter_condition.202.filter6Key.1274383466528.description.RBKey</DescriptionRBKey>
          <Name>filter6Key</Name>
          <ParamNameRBKey>tracker.rule.condition.param.custom.1855_15707f52f40e8c39eb100af24fc28b65.trx_count_based_on_filter_condition.202.filter6Key.1274383466528.name.RBKey</ParamNameRBKey>
          <PromptLabel>and</PromptLabel>
          <PromptLabelRBKey>tracker.rule.condition.param.custom.1855_15707f52f40e8c39eb100af24fc28b65.trx_count_based_on_filter_condition.202.filter6Key.1274383466528.label.RBKey</PromptLabelRBKey>
        </CustomizedParam>
        <CustomizedParam>
          <ParamGlobalId>trx_count_based_on_filter_condition.param.filter6Condition</ParamGlobalId>
          <DefaultValue/>
          <Description/>
          <DescriptionRBKey>tracker.rule.condition.param.custom.1855_15707f52f40e8c39eb100af24fc28b65.trx_count_based_on_filter_condition.202.filter6Condition.1274383466537.description.RBKey</DescriptionRBKey>
          <Name>filter6Condition</Name>
          <ParamNameRBKey>tracker.rule.condition.param.custom.1855_15707f52f40e8c39eb100af24fc28b65.trx_count_based_on_filter_condition.202.filter6Condition.1274383466537.name.RBKey</ParamNameRBKey>
          <PromptLabel>Condition</PromptLabel>
          <PromptLabelRBKey>tracker.rule.condition.param.custom.1855_15707f52f40e8c39eb100af24fc28b65.trx_count_based_on_filter_condition.202.filter6Condition.1274383466537.label.RBKey</PromptLabelRBKey>
        </CustomizedParam>
      </CustomizedParamList>
    </ConditionMap>
  </ConditionMapList>
</rule>
