<?xml version="1.0" encoding="UTF-8"?>

<rule>
  <Name>Session: Check param value</Name>
  <NameRBKey>bharosa.tracker.ruleTemplate.transaction_check_param_value.name.RBKey</NameRBKey>
  <GlobalId>transaction_check_param_value</GlobalId>
  <VersionId/>
  <MinCompatVersion>10.1.4.5</MinCompatVersion>
  <MaxCompatVersion>10.1.4.5</MaxCompatVersion>
  <Description>Check to see if specified parameter value is more than specified value</Description>
  <DescriptionRBKey>bharosa.tracker.ruleTemplate.transaction_check_param_value.description.RBKey</DescriptionRBKey>
  <Type>5</Type>
  <Status>1</Status>
  <Metadata>&lt;![CDATA[NEW_RULE_TEMPLATE]]&gt;</Metadata>
  <Filedata><![CDATA[
<rule name="Session: Check param value" no-loop="true" salience="100"><parameter identifier="trackerSession"><class>VCryptTrackerSession</class></parameter><parameter identifier="trackerUser"><class>VCryptTrackerUser</class></parameter><parameter identifier="trackerDevice"><class>VCryptTrackerDevice</class></parameter><parameter identifier="trackerLocation"><class>VCryptTrackerLocation</class></parameter><parameter identifier="trackerTransaction"><class>VCryptTrackerTransaction</class></parameter><parameter identifier="trackerAutoLearning"><class>VCryptTrackerAutoLearning</class></parameter><parameter identifier="deviceData"><class>DeviceData</class></parameter><java:condition>( valueKey != null&amp;&amp;valAbove != null&amp;&amp;( (!is.booleanValue()&amp;&amp;trackerTransaction.getDoubleValue(valueKey)&lt;= valAbove.longValue()) || ( is.booleanValue()&amp;&amp;trackerTransaction.getDoubleValue(valueKey)&gt;valAbove.longValue()) ) )</java:condition><java:consequence>RuleProcessor.processRule(ruleInstance, result, trackerSession);</java:consequence></rule>]]></Filedata>
  <ConditionMapList>
    <ConditionMap>
      <GlobalId>transaction_check_param_value___.___transaction_check_param_value.condition0</GlobalId>
      <ConditionGlobalId>transaction_check_param_value.condition0</ConditionGlobalId>
      <IsPrecondition>false</IsPrecondition>
      <DisplayOrder>1</DisplayOrder>
      <ExecutionOrder>1</ExecutionOrder>
      <CustomizedParamList>
        <CustomizedParam>
          <ParamGlobalId>transaction_check_param_value.condition0.param.is</ParamGlobalId>
          <DefaultValue>true</DefaultValue>
          <Description/>
          <DescriptionRBKey/>
          <Name>is</Name>
          <ParamNameRBKey/>
          <PromptLabel>Is</PromptLabel>
          <PromptLabelRBKey/>
        </CustomizedParam>
        <CustomizedParam>
          <ParamGlobalId>transaction_check_param_value.condition0.param.value_key</ParamGlobalId>
          <DefaultValue>value</DefaultValue>
          <Description/>
          <DescriptionRBKey/>
          <Name>valueKey</Name>
          <ParamNameRBKey/>
          <PromptLabel>Parameter Key</PromptLabel>
          <PromptLabelRBKey/>
        </CustomizedParam>
        <CustomizedParam>
          <ParamGlobalId>transaction_check_param_value.condition0.param.value_above</ParamGlobalId>
          <DefaultValue/>
          <Description/>
          <DescriptionRBKey/>
          <Name>valAbove</Name>
          <ParamNameRBKey/>
          <PromptLabel>Value Above</PromptLabel>
          <PromptLabelRBKey/>
        </CustomizedParam>
      </CustomizedParamList>
    </ConditionMap>
  </ConditionMapList>
</rule>
