<?xml version="1.0" encoding="UTF-8"?>

<Condition global_id="trx_count_based_on_filter_condition">
  <Name>TRANSACTION: Check Transaction Count using filter conditions</Name>
  <NameRBKey>trx_count_based_on_filter_condition.name.RBKey</NameRBKey>
  <Description>Check Transaction Count using filter conditions</Description>
  <DescriptionRBKey>trx_count_based_on_filter_condition.description.RBKey</DescriptionRBKey>
  <version>10.1.4.5</version>
  <ConditionType>in_session</ConditionType>
  <RuleCondition>
    <java:condition>trackerTransaction.checkTransactionAggregrateAndCount(trxDefKey, null, durationDescriptor, transactionStatusEnum, forTheSameCurrentUserId,ignoreCurrentTransactionInCount, null, null, specifiedConditionEnumForCount, specifiedValueForCount, com.bharosa.vcrypt.tracker.rules.filter.FilterExpr.getFilter(new com.bharosa.vcrypt.tracker.rules.filter.Filter[]{ new com.bharosa.vcrypt.tracker.rules.filter.Filter(filter1Key, filter1Condition),new com.bharosa.vcrypt.tracker.rules.filter.Filter(filter2Key, filter2Condition),new com.bharosa.vcrypt.tracker.rules.filter.Filter(filter3Key, filter3Condition), new com.bharosa.vcrypt.tracker.rules.filter.Filter(filter4Key, filter4Condition),new com.bharosa.vcrypt.tracker.rules.filter.Filter(filter5Key, filter5Condition), new com.bharosa.vcrypt.tracker.rules.filter.Filter(filter6Key, filter6Condition)}),applyFilterOnCurrentTransaction)</java:condition>
  </RuleCondition>
  <TypeList>
    <Type>user</Type>
    <Type>device</Type>
    <Type>location</Type>
    <Type>session</Type>
  </TypeList>
  <Params>
    <Param global_id="trx_count_based_on_filter_condition.param.trxDefKey">
      <Name>trxDefKey</Name>
      <NameRBKey>tracker.rule.condition.param.trxDefFQKey.name.RBKey</NameRBKey>
      <Description>Transaction</Description>
      <DescriptionRBKey>tracker.rule.condition.param.trxDefFQKey.description.RBKey</DescriptionRBKey>
      <Label>Select Transaction to count</Label>
      <LabelRBKey>tracker.rule.condition.param.trxDefFQKey.label.RBKey</LabelRBKey>
      <Default/>
      <JavaClass>java.lang.String</JavaClass>
      <ValueType>value.type.enum.enums</ValueType>
      <ValueSubType>tracker.transaction.type.enum</ValueSubType>
      <Validations/>
      <Notes/>
      <ParamOrder>1</ParamOrder>
    </Param>
    <Param global_id="trx_count_based_on_filter_condition.param.specifiedConditionEnumForCount">
      <Name>specifiedConditionEnumForCount</Name>
      <NameRBKey>tracker.rule.condition.param.specifiedConditionEnumForCount.name.RBKey</NameRBKey>
      <Description>Specified Condition</Description>
      <DescriptionRBKey>tracker.rule.condition.param.specifiedConditionEnumForCount.description.RBKey</DescriptionRBKey>
      <Label>Specified Condition For Count</Label>
      <LabelRBKey>tracker.rule.condition.param.specifiedConditionEnumForCount.label.RBKey</LabelRBKey>
      <Default/>
      <JavaClass>java.lang.Integer</JavaClass>
      <ValueType>value.type.enum.enums</ValueType>
      <ValueSubType>tracker.transaction.data.conditions.enum</ValueSubType>
      <Validations/>
      <Notes/>
      <ParamOrder>2</ParamOrder>
    </Param>
    <Param global_id="trx_count_based_on_filter_condition.param.specifiedValueForCount">
      <Name>specifiedValueForCount</Name>
      <NameRBKey>tracker.rule.condition.param.specifiedValueForCount.name.RBKey</NameRBKey>
      <Description>Specified Check Value for Count</Description>
      <DescriptionRBKey>tracker.rule.condition.param.specifiedValueForCount.description.RBKey</DescriptionRBKey>
      <Label>Specified Check Value for Count</Label>
      <LabelRBKey>tracker.rule.condition.param.specifiedValueForCount.label.RBKey</LabelRBKey>
      <Default/>
      <JavaClass>java.lang.Integer</JavaClass>
      <ValueType>value.type.enum.int</ValueType>
      <ValueSubType/>
      <Validations/>
      <Notes/>
      <ParamOrder>3</ParamOrder>
    </Param>
    <Param global_id="trx_count_based_on_filter_condition.param.durationDescriptor">
      <Name>durationDescriptor</Name>
      <NameRBKey>tracker.rule.condition.param.duration.name.RBKey</NameRBKey>
      <Description>Duration</Description>
      <DescriptionRBKey>tracker.rule.condition.param.duration.description.RBKey</DescriptionRBKey>
      <Label>Duration</Label>
      <LabelRBKey>tracker.rule.condition.param.duration.label.RBKey</LabelRBKey>
      <Default/>
      <JavaClass>java.lang.String</JavaClass>
      <ValueType>value.type.enum.enums</ValueType>
      <ValueSubType>tracker.time.durationDescriptor.enum</ValueSubType>
      <Validations/>
      <Notes/>
      <ParamOrder>4</ParamOrder>
    </Param>
    <Param global_id="trx_count_based_on_filter_condition.param.transactionStatusEnum">
      <Name>transactionStatusEnum</Name>
      <NameRBKey>tracker.rule.condition.param.transactionStatusEnum.name.RBKey</NameRBKey>
      <Description>Transaction Status</Description>
      <DescriptionRBKey>tracker.rule.condition.param.transactionStatusEnum.description.RBKey</DescriptionRBKey>
      <Label>Transaction Status</Label>
      <LabelRBKey>tracker.rule.condition.param.transactionStatusEnum.label.RBKey</LabelRBKey>
      <Default/>
      <JavaClass>java.lang.Integer</JavaClass>
      <ValueType>value.type.enum.enums</ValueType>
      <ValueSubType>tracker.transaction.status.enum</ValueSubType>
      <Validations/>
      <Notes/>
      <ParamOrder>5</ParamOrder>
    </Param>
    <Param global_id="trx_count_based_on_filter_condition.param.ignoreCurrentTransactionInCount">
      <Name>ignoreCurrentTransactionInCount</Name>
      <NameRBKey>tracker.rule.condition.param.ignoreCurrentTransactionInCount.name.RBKey</NameRBKey>
      <Description>Ignore Current Transaction in count?</Description>
      <DescriptionRBKey>tracker.rule.condition.param.ignoreCurrentTransactionInCount.description.RBKey</DescriptionRBKey>
      <Label>Ignore Current Transaction in count?</Label>
      <LabelRBKey>tracker.rule.condition.param.ignoreCurrentTransactionInCount.label.RBKey</LabelRBKey>
      <Default/>
      <JavaClass>java.lang.Boolean</JavaClass>
      <ValueType>value.type.enum.boolean</ValueType>
      <ValueSubType/>
      <Validations/>
      <Notes/>
      <ParamOrder>6</ParamOrder>
    </Param>
    <Param global_id="trx_count_based_on_filter_condition.param.forTheSameCurrentUserId">
      <Name>forTheSameCurrentUserId</Name>
      <NameRBKey>tracker.rule.condition.param.forTheSameCurrentUserId.name.RBKey</NameRBKey>
      <Description>For the same user?</Description>
      <DescriptionRBKey>tracker.rule.condition.param.forTheSameCurrentUserId.description.RBKey</DescriptionRBKey>
      <Label>For the same user?</Label>
      <LabelRBKey>tracker.rule.condition.param.forTheSameCurrentUserId.label.RBKey</LabelRBKey>
      <Default>true</Default>
      <JavaClass>java.lang.Boolean</JavaClass>
      <ValueType>value.type.enum.boolean</ValueType>
      <ValueSubType/>
      <Validations/>
      <Notes/>
      <ParamOrder>7</ParamOrder>
    </Param>
    <Param global_id="trx_count_based_on_filter_condition.param.applyFilterOnCurrentTransaction">
      <Name>applyFilterOnCurrentTransaction</Name>
      <NameRBKey>tracker.rule.condition.param.applyFilterOnCurrentTransaction.name.RBKey</NameRBKey>
      <Description>Apply the filter checks on Current Transaction?</Description>
      <DescriptionRBKey>tracker.rule.condition.param.applyFilterOnCurrentTransaction.description.RBKey</DescriptionRBKey>
      <Label>Apply the filter checks on Current Transaction?</Label>
      <LabelRBKey>tracker.rule.condition.param.applyFilterOnCurrentTransaction.label.RBKey</LabelRBKey>
      <Default>true</Default>
      <JavaClass>java.lang.Boolean</JavaClass>
      <ValueType>value.type.enum.boolean</ValueType>
      <ValueSubType/>
      <Validations/>
      <Notes/>
      <ParamOrder>8</ParamOrder>
    </Param>
    <Param global_id="trx_count_based_on_filter_condition.param.filter1Key">
      <Name>filter1Key</Name>
      <NameRBKey>tracker.rule.condition.param.filter1Key.name.RBKey</NameRBKey>
      <Description>Filter Key</Description>
      <DescriptionRBKey>tracker.rule.condition.param.filter1Key.description.RBKey</DescriptionRBKey>
      <Label>Filter Criteria</Label>
      <LabelRBKey>tracker.rule.condition.param.filter1Key.label.RBKey</LabelRBKey>
      <Default/>
      <JavaClass>java.lang.String</JavaClass>
      <ValueType>value.type.enum.enums</ValueType>
      <ValueSubType>tracker.filter.transaction.dbfields.enum</ValueSubType>
      <Validations/>
      <Notes/>
      <ParamOrder>9</ParamOrder>
    </Param>
    <Param global_id="trx_count_based_on_filter_condition.param.filter1Condition">
      <Name>filter1Condition</Name>
      <NameRBKey>tracker.rule.condition.param.filter1Condition.name.RBKey</NameRBKey>
      <Description>Filter Condition</Description>
      <DescriptionRBKey>tracker.rule.condition.param.filter1Condition.description.RBKey</DescriptionRBKey>
      <Label>Condition</Label>
      <LabelRBKey>tracker.rule.condition.param.filter1Condition.label.RBKey</LabelRBKey>
      <Default/>
      <JavaClass>java.lang.String</JavaClass>
      <ValueType>value.type.enum.enums</ValueType>
      <ValueSubType>tracker.filter.condition.enum</ValueSubType>
      <Validations/>
      <Notes/>
      <ParamOrder>10</ParamOrder>
    </Param>
    <Param global_id="trx_count_based_on_filter_condition.param.filter2Key">
      <Name>filter2Key</Name>
      <NameRBKey>tracker.rule.condition.param.filter2Key.name.RBKey</NameRBKey>
      <Description>Filter Key</Description>
      <DescriptionRBKey>tracker.rule.condition.param.filter2Key.description.RBKey</DescriptionRBKey>
      <Label>and</Label>
      <LabelRBKey>tracker.rule.condition.param.filter2Key.label.RBKey</LabelRBKey>
      <Default/>
      <JavaClass>java.lang.String</JavaClass>
      <ValueType>value.type.enum.enums</ValueType>
      <ValueSubType>tracker.filter.transaction.dbfields.enum</ValueSubType>
      <Validations/>
      <Notes/>
      <ParamOrder>11</ParamOrder>
    </Param>
    <Param global_id="trx_count_based_on_filter_condition.param.filter2Condition">
      <Name>filter2Condition</Name>
      <NameRBKey>tracker.rule.condition.param.filter2Condition.name.RBKey</NameRBKey>
      <Description>Filter Condition</Description>
      <DescriptionRBKey>tracker.rule.condition.param.filter2Condition.description.RBKey</DescriptionRBKey>
      <Label>Condition:</Label>
      <LabelRBKey>tracker.rule.condition.param.filter2Condition.label.RBKey</LabelRBKey>
      <Default/>
      <JavaClass>java.lang.String</JavaClass>
      <ValueType>value.type.enum.enums</ValueType>
      <ValueSubType>tracker.filter.condition.enum</ValueSubType>
      <Validations/>
      <Notes/>
      <ParamOrder>12</ParamOrder>
    </Param>
    <Param global_id="trx_count_based_on_filter_condition.param.filter3Key">
      <Name>filter3Key</Name>
      <NameRBKey>tracker.rule.condition.param.filter3Key.name.RBKey</NameRBKey>
      <Description>Filter Key</Description>
      <DescriptionRBKey>tracker.rule.condition.param.filter3Key.description.RBKey</DescriptionRBKey>
      <Label>and</Label>
      <LabelRBKey>tracker.rule.condition.param.filter3Key.label.RBKey</LabelRBKey>
      <Default/>
      <JavaClass>java.lang.String</JavaClass>
      <ValueType>value.type.enum.enums</ValueType>
      <ValueSubType>tracker.filter.transaction.dbfields.enum</ValueSubType>
      <Validations/>
      <Notes/>
      <ParamOrder>13</ParamOrder>
    </Param>
    <Param global_id="trx_count_based_on_filter_condition.param.filter3Condition">
      <Name>filter3Condition</Name>
      <NameRBKey>tracker.rule.condition.param.filter3Condition.name.RBKey</NameRBKey>
      <Description>Filter Condition</Description>
      <DescriptionRBKey>tracker.rule.condition.param.filter3Condition.description.RBKey</DescriptionRBKey>
      <Label>Condition:</Label>
      <LabelRBKey>tracker.rule.condition.param.filter3Condition.label.RBKey</LabelRBKey>
      <Default/>
      <JavaClass>java.lang.String</JavaClass>
      <ValueType>value.type.enum.enums</ValueType>
      <ValueSubType>tracker.filter.condition.enum</ValueSubType>
      <Validations/>
      <Notes/>
      <ParamOrder>14</ParamOrder>
    </Param>
    <Param global_id="trx_count_based_on_filter_condition.param.filter4Key">
      <Name>filter4Key</Name>
      <NameRBKey>tracker.rule.condition.param.filter4Key.name.RBKey</NameRBKey>
      <Description>Filter Key</Description>
      <DescriptionRBKey>tracker.rule.condition.param.filter4Key.description.RBKey</DescriptionRBKey>
      <Label>and</Label>
      <LabelRBKey>tracker.rule.condition.param.filter4Key.label.RBKey</LabelRBKey>
      <Default/>
      <JavaClass>java.lang.String</JavaClass>
      <ValueType>value.type.enum.enums</ValueType>
      <ValueSubType>tracker.filter.transaction.dbfields.enum</ValueSubType>
      <Validations/>
      <Notes/>
      <ParamOrder>15</ParamOrder>
    </Param>
    <Param global_id="trx_count_based_on_filter_condition.param.filter4Condition">
      <Name>filter4Condition</Name>
      <NameRBKey>tracker.rule.condition.param.filter4Condition.name.RBKey</NameRBKey>
      <Description>Filter Condition</Description>
      <DescriptionRBKey>tracker.rule.condition.param.filter4Condition.description.RBKey</DescriptionRBKey>
      <Label>Condition</Label>
      <LabelRBKey>tracker.rule.condition.param.filter4Condition.label.RBKey</LabelRBKey>
      <Default/>
      <JavaClass>java.lang.String</JavaClass>
      <ValueType>value.type.enum.enums</ValueType>
      <ValueSubType>tracker.filter.condition.enum</ValueSubType>
      <Validations/>
      <Notes/>
      <ParamOrder>16</ParamOrder>
    </Param>
    <Param global_id="trx_count_based_on_filter_condition.param.filter5Key">
      <Name>filter5Key</Name>
      <NameRBKey>tracker.rule.condition.param.filter5Key.name.RBKey</NameRBKey>
      <Description>Filter Key</Description>
      <DescriptionRBKey>tracker.rule.condition.param.filter5Key.description.RBKey</DescriptionRBKey>
      <Label>and</Label>
      <LabelRBKey>tracker.rule.condition.param.filter5Key.label.RBKey</LabelRBKey>
      <Default/>
      <JavaClass>java.lang.String</JavaClass>
      <ValueType>value.type.enum.enums</ValueType>
      <ValueSubType>tracker.filter.transaction.dbfields.enum</ValueSubType>
      <Validations/>
      <Notes/>
      <ParamOrder>17</ParamOrder>
    </Param>
    <Param global_id="trx_count_based_on_filter_condition.param.filter5Condition">
      <Name>filter5Condition</Name>
      <NameRBKey>tracker.rule.condition.param.filter5Condition.name.RBKey</NameRBKey>
      <Description>Filter Condition</Description>
      <DescriptionRBKey>tracker.rule.condition.param.filter5Condition.description.RBKey</DescriptionRBKey>
      <Label>Condition</Label>
      <LabelRBKey>tracker.rule.condition.param.filter5Condition.label.RBKey</LabelRBKey>
      <Default/>
      <JavaClass>java.lang.String</JavaClass>
      <ValueType>value.type.enum.enums</ValueType>
      <ValueSubType>tracker.filter.condition.enum</ValueSubType>
      <Validations/>
      <Notes/>
      <ParamOrder>18</ParamOrder>
    </Param>
    <Param global_id="trx_count_based_on_filter_condition.param.filter6Key">
      <Name>filter6Key</Name>
      <NameRBKey>tracker.rule.condition.param.filter6Key.name.RBKey</NameRBKey>
      <Description>Filter Key</Description>
      <DescriptionRBKey>tracker.rule.condition.param.filter6Key.description.RBKey</DescriptionRBKey>
      <Label>and</Label>
      <LabelRBKey>tracker.rule.condition.param.filter6Key.label.RBKey</LabelRBKey>
      <Default/>
      <JavaClass>java.lang.String</JavaClass>
      <ValueType>value.type.enum.enums</ValueType>
      <ValueSubType>tracker.filter.transaction.dbfields.enum</ValueSubType>
      <Validations/>
      <Notes/>
      <ParamOrder>19</ParamOrder>
    </Param>
    <Param global_id="trx_count_based_on_filter_condition.param.filter6Condition">
      <Name>filter6Condition</Name>
      <NameRBKey>tracker.rule.condition.param.filter6Condition.name.RBKey</NameRBKey>
      <Description>Filter Condition</Description>
      <DescriptionRBKey>tracker.rule.condition.param.filter6Condition.description.RBKey</DescriptionRBKey>
      <Label>Condition</Label>
      <LabelRBKey>tracker.rule.condition.param.filter6Condition.label.RBKey</LabelRBKey>
      <Default/>
      <JavaClass>java.lang.String</JavaClass>
      <ValueType>value.type.enum.enums</ValueType>
      <ValueSubType>tracker.filter.condition.enum</ValueSubType>
      <Validations/>
      <Notes/>
      <ParamOrder>20</ParamOrder>
    </Param>
  </Params>
</Condition>
