<?xml version="1.0" encoding="UTF-8" standalone="no"?>
<OAAM>
<VTDataDefTranslation global_id="90_f7142fc3de1908321924db4dc1efbabb">
<createTime>1274367707001</createTime>
<updateTime>1274367707001</updateTime>
<translationId>1</translationId>
<globalId>90_f7142fc3de1908321924db4dc1efbabb</globalId>
<name>Data Translation mapping from TxnInputDef: [1] to EntityMapDef: [3] of TransactionDef: [1]</name>
<nameRBKey/>
<description/>
<descriptionRBKey/>
<translationScheme>0</translationScheme>
<translationParams/>
<srcObjectType>2</srcObjectType>
<srcObjectId>1</srcObjectId>
<_srcObjectId_globalId>50_742d4d6beaceb10f7138040717f88ee8</_srcObjectId_globalId>
<destObjectType>4</destObjectType>
<destObjectId>1</destObjectId>
<_destObjectId_globalId>57_bba82601d8789b08bcff5f16a4eccae2</_destObjectId_globalId>
<relationType>Bill Pay Destination</relationType>
<status>1</status>
<notes/>
</VTDataDefTranslation>
<VTDataDefTranslation global_id="83_b7372d85d318e175007f21ab78105968">
<createTime>1274367707001</createTime>
<updateTime>1274367707001</updateTime>
<translationId>2</translationId>
<globalId>83_b7372d85d318e175007f21ab78105968</globalId>
<name>Data Translation mapping from TxnInputDef: [1] to EntityMapDef: [2] of TransactionDef: [1]</name>
<nameRBKey/>
<description/>
<descriptionRBKey/>
<translationScheme>0</translationScheme>
<translationParams/>
<srcObjectType>2</srcObjectType>
<srcObjectId>1</srcObjectId>
<_srcObjectId_globalId>50_742d4d6beaceb10f7138040717f88ee8</_srcObjectId_globalId>
<destObjectType>4</destObjectType>
<destObjectId>3</destObjectId>
<_destObjectId_globalId>56_288e04c96ec437167b1ef0d3699af468</_destObjectId_globalId>
<relationType>Bill Pay Source</relationType>
<status>1</status>
<notes/>
</VTDataDefTranslation>
<VTDataDefTranslation global_id="73_5b8fa8be510155aaa1723146615c0477">
<createTime>1274367707001</createTime>
<updateTime>1274367707001</updateTime>
<translationId>3</translationId>
<globalId>73_5b8fa8be510155aaa1723146615c0477</globalId>
<name>Data Translation mapping from TxnInputDef: [1] to TrxProfile of TransactionDef: [1]</name>
<nameRBKey/>
<description/>
<descriptionRBKey/>
<translationScheme>0</translationScheme>
<translationParams/>
<srcObjectType>2</srcObjectType>
<srcObjectId>1</srcObjectId>
<_srcObjectId_globalId>50_742d4d6beaceb10f7138040717f88ee8</_srcObjectId_globalId>
<destObjectType>5</destObjectType>
<destObjectId>106</destObjectId>
<_destObjectId_globalId>59_60c6a4e154743da7afe7d223fdc5168c</_destObjectId_globalId>
<relationType>data</relationType>
<status>1</status>
<notes/>
</VTDataDefTranslation>
<VTDataDefTranslation global_id="76_90ca261dd0b151a89673183b4d582dca">
<createTime>1274367707001</createTime>
<updateTime>1274367707001</updateTime>
<translationId>4</translationId>
<globalId>76_90ca261dd0b151a89673183b4d582dca</globalId>
<name>Data Translation mapping from TxnInputDef: [1] to EntityMapDef: [1] of TransactionDef: [1]</name>
<nameRBKey/>
<description/>
<descriptionRBKey/>
<translationScheme>0</translationScheme>
<translationParams/>
<srcObjectType>2</srcObjectType>
<srcObjectId>1</srcObjectId>
<_srcObjectId_globalId>50_742d4d6beaceb10f7138040717f88ee8</_srcObjectId_globalId>
<destObjectType>4</destObjectType>
<destObjectId>2</destObjectId>
<_destObjectId_globalId>55_b2fc21d02de6cb4811c5c64e64761f77</_destObjectId_globalId>
<relationType>Logged In User</relationType>
<status>1</status>
<notes/>
</VTDataDefTranslation>
<VTDataDefTranslation global_id="51_5666772ded490ec06485c3646adc1f74">
<createTime>1274367707001</createTime>
<updateTime>1274368019499</updateTime>
<translationId>5</translationId>
<globalId>51_5666772ded490ec06485c3646adc1f74</globalId>
<name>Bill Pay</name>
<nameRBKey/>
<description>Bill Pay Operation was performed.</description>
<descriptionRBKey/>
<translationScheme>0</translationScheme>
<translationParams/>
<srcObjectType>2</srcObjectType>
<srcObjectId>1</srcObjectId>
<_srcObjectId_globalId>50_742d4d6beaceb10f7138040717f88ee8</_srcObjectId_globalId>
<destObjectType>1</destObjectType>
<destObjectId>1</destObjectId>
<_destObjectId_globalId>49_20cc66894f332bea060d10be233483a6</_destObjectId_globalId>
<relationType>bill_pay</relationType>
<status>1</status>
<notes/>
</VTDataDefTranslation>
</OAAM>
