<?xml version="1.0" encoding="UTF-8" standalone="no"?>
<OAAM>
<VTDataDefElementTranslation global_id="93_27c425dca8fe3e6dcd49540c00d44644">
<createTime>1274367707001</createTime>
<updateTime>1274367707001</updateTime>
<destMapId>1</destMapId>
<globalId>93_27c425dca8fe3e6dcd49540c00d44644</globalId>
<name>Mapping for txn Data Element: 115</name>
<nameRBKey/>
<description/>
<descriptionRBKey/>
<translationScheme>1</translationScheme>
<translationParams/>
<translationId>1</translationId>
<_translationId_globalId>90_f7142fc3de1908321924db4dc1efbabb</_translationId_globalId>
<destElementDefId>101</destElementDefId>
<_destElementDefId_globalId>36_eafce19c6deec8852f0767466272eecb</_destElementDefId_globalId>
<status>1</status>
<notes/>
</VTDataDefElementTranslation>
<VTDataDefElementTranslation global_id="95_1446096781558d910903ccda41368545">
<createTime>1274367707001</createTime>
<updateTime>1274367707001</updateTime>
<destMapId>2</destMapId>
<globalId>95_1446096781558d910903ccda41368545</globalId>
<name>Mapping for txn Data Element: 117</name>
<nameRBKey/>
<description/>
<descriptionRBKey/>
<translationScheme>1</translationScheme>
<translationParams/>
<translationId>1</translationId>
<_translationId_globalId>90_f7142fc3de1908321924db4dc1efbabb</_translationId_globalId>
<destElementDefId>102</destElementDefId>
<_destElementDefId_globalId>40_33fde66d14f17f0c9ae35759f867f46a</_destElementDefId_globalId>
<status>1</status>
<notes/>
</VTDataDefElementTranslation>
<VTDataDefElementTranslation global_id="97_e2a441c346177f2bf23e79e2438dfdf7">
<createTime>1274367707001</createTime>
<updateTime>1274367707001</updateTime>
<destMapId>3</destMapId>
<globalId>97_e2a441c346177f2bf23e79e2438dfdf7</globalId>
<name>Mapping for txn Data Element: 118</name>
<nameRBKey/>
<description/>
<descriptionRBKey/>
<translationScheme>1</translationScheme>
<translationParams/>
<translationId>1</translationId>
<_translationId_globalId>90_f7142fc3de1908321924db4dc1efbabb</_translationId_globalId>
<destElementDefId>103</destElementDefId>
<_destElementDefId_globalId>41_75bb667ecd64db7007f01aa6bbd3168f</_destElementDefId_globalId>
<status>1</status>
<notes/>
</VTDataDefElementTranslation>
<VTDataDefElementTranslation global_id="86_dcd986927679ededbe1e0476bdf12ee7">
<createTime>1274367707001</createTime>
<updateTime>1274367707001</updateTime>
<destMapId>4</destMapId>
<globalId>86_dcd986927679ededbe1e0476bdf12ee7</globalId>
<name>Mapping for txn Data Element: 110</name>
<nameRBKey/>
<description/>
<descriptionRBKey/>
<translationScheme>1</translationScheme>
<translationParams/>
<translationId>2</translationId>
<_translationId_globalId>83_b7372d85d318e175007f21ab78105968</_translationId_globalId>
<destElementDefId>115</destElementDefId>
<_destElementDefId_globalId>24_2c6d3d4de757fd07fbe2cecabc77fdb4</_destElementDefId_globalId>
<status>1</status>
<notes/>
</VTDataDefElementTranslation>
<VTDataDefElementTranslation global_id="84_cb6426f1b47456ee4c1f56c62f53de0c">
<createTime>1274367707001</createTime>
<updateTime>1274367707001</updateTime>
<destMapId>5</destMapId>
<globalId>84_cb6426f1b47456ee4c1f56c62f53de0c</globalId>
<name>Mapping for txn Data Element: 108</name>
<nameRBKey/>
<description/>
<descriptionRBKey/>
<translationScheme>1</translationScheme>
<translationParams/>
<translationId>2</translationId>
<_translationId_globalId>83_b7372d85d318e175007f21ab78105968</_translationId_globalId>
<destElementDefId>114</destElementDefId>
<_destElementDefId_globalId>20_d003551e595458055da9fd207648dd7f</_destElementDefId_globalId>
<status>1</status>
<notes/>
</VTDataDefElementTranslation>
<VTDataDefElementTranslation global_id="88_ba65332cdd3f9599da40e942807fff2b">
<createTime>1274367707001</createTime>
<updateTime>1274367707001</updateTime>
<destMapId>6</destMapId>
<globalId>88_ba65332cdd3f9599da40e942807fff2b</globalId>
<name>Mapping for txn Data Element: 111</name>
<nameRBKey/>
<description/>
<descriptionRBKey/>
<translationScheme>1</translationScheme>
<translationParams/>
<translationId>2</translationId>
<_translationId_globalId>83_b7372d85d318e175007f21ab78105968</_translationId_globalId>
<destElementDefId>116</destElementDefId>
<_destElementDefId_globalId>25_148d31eec70dc07762266fc373fefd3f</_destElementDefId_globalId>
<status>1</status>
<notes/>
</VTDataDefElementTranslation>
<VTDataDefElementTranslation global_id="74_5f7339b78816d60c604c7686b1d9c0ac">
<createTime>1274367707001</createTime>
<updateTime>1274367707001</updateTime>
<destMapId>7</destMapId>
<globalId>74_5f7339b78816d60c604c7686b1d9c0ac</globalId>
<name>Mapping for txn Data Element: 123</name>
<nameRBKey/>
<description/>
<descriptionRBKey/>
<translationScheme>1</translationScheme>
<translationParams/>
<translationId>3</translationId>
<_translationId_globalId>73_5b8fa8be510155aaa1723146615c0477</_translationId_globalId>
<destElementDefId>117</destElementDefId>
<_destElementDefId_globalId>60_63e5676a2e0430983808b6931b1c9bc4</_destElementDefId_globalId>
<status>1</status>
<notes/>
</VTDataDefElementTranslation>
<VTDataDefElementTranslation global_id="77_a91a64c55f5c5c9f7c761652f5a986ee">
<createTime>1274367707001</createTime>
<updateTime>1274367707001</updateTime>
<destMapId>8</destMapId>
<globalId>77_a91a64c55f5c5c9f7c761652f5a986ee</globalId>
<name>Mapping for txn Data Element: 101</name>
<nameRBKey/>
<description/>
<descriptionRBKey/>
<translationScheme>1</translationScheme>
<translationParams/>
<translationId>4</translationId>
<_translationId_globalId>76_90ca261dd0b151a89673183b4d582dca</_translationId_globalId>
<destElementDefId>118</destElementDefId>
<_destElementDefId_globalId>6_318baa0876657813db73082b82335df0</_destElementDefId_globalId>
<status>1</status>
<notes/>
</VTDataDefElementTranslation>
<VTDataDefElementTranslation global_id="79_e83db25150ac25be17729943358b7e72">
<createTime>1274367707001</createTime>
<updateTime>1274367707001</updateTime>
<destMapId>9</destMapId>
<globalId>79_e83db25150ac25be17729943358b7e72</globalId>
<name>Mapping for txn Data Element: 102</name>
<nameRBKey/>
<description/>
<descriptionRBKey/>
<translationScheme>1</translationScheme>
<translationParams/>
<translationId>4</translationId>
<_translationId_globalId>76_90ca261dd0b151a89673183b4d582dca</_translationId_globalId>
<destElementDefId>120</destElementDefId>
<_destElementDefId_globalId>7_8b0406b1698538b7d9dafea9c6999ab7</_destElementDefId_globalId>
<status>1</status>
<notes/>
</VTDataDefElementTranslation>
<VTDataDefElementTranslation global_id="81_93982ecc2cb01526389eaf2b061c20e9">
<createTime>1274367707001</createTime>
<updateTime>1274367707001</updateTime>
<destMapId>10</destMapId>
<globalId>81_93982ecc2cb01526389eaf2b061c20e9</globalId>
<name>Mapping for txn Data Element: 103</name>
<nameRBKey/>
<description/>
<descriptionRBKey/>
<translationScheme>1</translationScheme>
<translationParams/>
<translationId>4</translationId>
<_translationId_globalId>76_90ca261dd0b151a89673183b4d582dca</_translationId_globalId>
<destElementDefId>119</destElementDefId>
<_destElementDefId_globalId>8_1b14621e71d729314ce80f8e91fde822</_destElementDefId_globalId>
<status>1</status>
<notes/>
</VTDataDefElementTranslation>
<VTDataDefElementTranslation global_id="5_83d62092d907c4ce25ccdce10c3d5fff">
<createTime>1274368014298</createTime>
<updateTime>1274368014298</updateTime>
<destMapId>11</destMapId>
<globalId>5_83d62092d907c4ce25ccdce10c3d5fff</globalId>
<name>Mapping for txn Data Element: 134</name>
<nameRBKey/>
<description/>
<descriptionRBKey/>
<translationScheme>1</translationScheme>
<translationParams/>
<translationId>4</translationId>
<_translationId_globalId>76_90ca261dd0b151a89673183b4d582dca</_translationId_globalId>
<destElementDefId>134</destElementDefId>
<_destElementDefId_globalId>3_2257b33ad29f2e1ee6967b9570b00766</_destElementDefId_globalId>
<status>1</status>
<notes/>
</VTDataDefElementTranslation>
</OAAM>
