<?xml version="1.0" encoding="UTF-8" standalone="no"?>
<OAAM>
<VTDataDefMap global_id="35_d5e24446215576361656809d8173a70a">
<createTime>1274367707001</createTime>
<updateTime>1274367707001</updateTime>
<mapId>101</mapId>
<globalId>35_d5e24446215576361656809d8173a70a</globalId>
<name>DataDefMap for Data Profile of EntityDefId:103</name>
<nameRBKey/>
<description/>
<descriptionRBKey/>
<dataDefId>101</dataDefId>
<_dataDefId_globalId>34_0b888daa3adf7ae93bdf8426a6927ecb</_dataDefId_globalId>
<parentObjectType>3</parentObjectType>
<parentObjectId>101</parentObjectId>
<_parentObjectId_globalId>33_d53917e24d1fe8395fa895529d546aeb</_parentObjectId_globalId>
<relationType>data</relationType>
<notes/>
</VTDataDefMap>
<VTDataDefMap global_id="38_20063487156ca8295f0bd05cecab0175">
<createTime>1274367707001</createTime>
<updateTime>1274367707001</updateTime>
<mapId>102</mapId>
<globalId>38_20063487156ca8295f0bd05cecab0175</globalId>
<name>DataDefMap for ExtId Data Profile of TrxDefId:103</name>
<nameRBKey/>
<description/>
<descriptionRBKey/>
<dataDefId>106</dataDefId>
<_dataDefId_globalId>37_2fe21d3c7878149f6230c7557b616a15</_dataDefId_globalId>
<parentObjectType>3</parentObjectType>
<parentObjectId>101</parentObjectId>
<_parentObjectId_globalId>33_d53917e24d1fe8395fa895529d546aeb</_parentObjectId_globalId>
<relationType>extid</relationType>
<notes/>
</VTDataDefMap>
<VTDataDefMap global_id="43_7108eabfb8719eda633f8d404efec5f3">
<createTime>1274367707001</createTime>
<updateTime>1274367707001</updateTime>
<mapId>103</mapId>
<globalId>43_7108eabfb8719eda633f8d404efec5f3</globalId>
<name>DataDefMap for DataDef of EntityId:103</name>
<nameRBKey/>
<description/>
<descriptionRBKey/>
<dataDefId>107</dataDefId>
<_dataDefId_globalId>42_f62c093a9d1dba4ba7549c3175949615</_dataDefId_globalId>
<parentObjectType>3</parentObjectType>
<parentObjectId>101</parentObjectId>
<_parentObjectId_globalId>33_d53917e24d1fe8395fa895529d546aeb</_parentObjectId_globalId>
<relationType>name</relationType>
<notes/>
</VTDataDefMap>
<VTDataDefMap global_id="47_dd3af352b9d8793569bf8efe819462da">
<createTime>1274367707001</createTime>
<updateTime>1274367707001</updateTime>
<mapId>104</mapId>
<globalId>47_dd3af352b9d8793569bf8efe819462da</globalId>
<name>DataDefMap for DataDef of EntityId:103</name>
<nameRBKey/>
<description/>
<descriptionRBKey/>
<dataDefId>108</dataDefId>
<_dataDefId_globalId>46_529a0ca25e4c95270cb25d66c05d86f1</_dataDefId_globalId>
<parentObjectType>3</parentObjectType>
<parentObjectId>101</parentObjectId>
<_parentObjectId_globalId>33_d53917e24d1fe8395fa895529d546aeb</_parentObjectId_globalId>
<relationType>key</relationType>
<notes/>
</VTDataDefMap>
<VTDataDefMap global_id="2_4767b9eadfe66e7a6bf2e896ff73c051">
<createTime>1271801757530</createTime>
<updateTime>1271801757530</updateTime>
<mapId>1</mapId>
<globalId>2_4767b9eadfe66e7a6bf2e896ff73c051</globalId>
<name>DataDefMap for Data Profile of EntityDefId:1</name>
<nameRBKey>tracker.transaction.auth.entity.auth_bharosa_user.data_def_map_for_dataprofile.label.RBKey</nameRBKey>
<description/>
<descriptionRBKey>tracker.transaction.auth.entity.auth_bharosa_user.data_def_map_for_dataprofile.desc.RBKey</descriptionRBKey>
<dataDefId>1</dataDefId>
<_dataDefId_globalId>1_3fb579f7882e97a666494db51b6b8303</_dataDefId_globalId>
<parentObjectType>3</parentObjectType>
<parentObjectId>1</parentObjectId>
<_parentObjectId_globalId>0_9fc7e35dc3c958d6c693723b49786cb5</_parentObjectId_globalId>
<relationType>data</relationType>
<notes/>
</VTDataDefMap>
<VTDataDefMap global_id="5_2d08579d4c09a1fc14683b6a8338b6ab">
<createTime>1271801757530</createTime>
<updateTime>1271801757530</updateTime>
<mapId>2</mapId>
<globalId>5_2d08579d4c09a1fc14683b6a8338b6ab</globalId>
<name>DataDefMap for DataDef of EntityId:1</name>
<nameRBKey>tracker.transaction.auth.entity.auth_bharosa_user.data_def_map_for_datadef.name.RBKey</nameRBKey>
<description/>
<descriptionRBKey>tracker.transaction.auth.entity.auth_bharosa_user.data_def_map_for_datadef.desc.RBKey</descriptionRBKey>
<dataDefId>2</dataDefId>
<_dataDefId_globalId>4_00f4718412cf48551a8c009f01848f3b</_dataDefId_globalId>
<parentObjectType>3</parentObjectType>
<parentObjectId>1</parentObjectId>
<_parentObjectId_globalId>0_9fc7e35dc3c958d6c693723b49786cb5</_parentObjectId_globalId>
<relationType>key</relationType>
<notes/>
</VTDataDefMap>
<VTDataDefMap global_id="8_c0f851f6535e7b517608a61871bc397c">
<createTime>1271801757530</createTime>
<updateTime>1271801757530</updateTime>
<mapId>3</mapId>
<globalId>8_c0f851f6535e7b517608a61871bc397c</globalId>
<name>DataDefMap for DataDef of EntityId:1</name>
<nameRBKey>tracker.transaction.auth.entity.auth_bharosa_user.data_def_map_for_datadef.name.RBKey</nameRBKey>
<description/>
<descriptionRBKey>tracker.transaction.auth.entity.auth_bharosa_user.data_def_map_for_datadef.desc.RBKey</descriptionRBKey>
<dataDefId>3</dataDefId>
<_dataDefId_globalId>7_8c713fb309b91185867f8a1b2c6e98ba</_dataDefId_globalId>
<parentObjectType>3</parentObjectType>
<parentObjectId>1</parentObjectId>
<_parentObjectId_globalId>0_9fc7e35dc3c958d6c693723b49786cb5</_parentObjectId_globalId>
<relationType>name</relationType>
<notes/>
</VTDataDefMap>
<VTDataDefMap global_id="62_ba2790f20c1154c7b9fe304928e1fae6">
<createTime>1274367707001</createTime>
<updateTime>1274367707001</updateTime>
<mapId>105</mapId>
<globalId>62_ba2790f20c1154c7b9fe304928e1fae6</globalId>
<name>DataDefMap for Source Data Profile of TrxDefId:1</name>
<nameRBKey/>
<description/>
<descriptionRBKey/>
<dataDefId>102</dataDefId>
<_dataDefId_globalId>61_8e82457bf9b46ec23c016595fbc44922</_dataDefId_globalId>
<parentObjectType>2</parentObjectType>
<parentObjectId>1</parentObjectId>
<_parentObjectId_globalId>50_742d4d6beaceb10f7138040717f88ee8</_parentObjectId_globalId>
<relationType>source</relationType>
<notes/>
</VTDataDefMap>
<VTDataDefMap global_id="59_60c6a4e154743da7afe7d223fdc5168c">
<createTime>1274367707001</createTime>
<updateTime>1274367707001</updateTime>
<mapId>106</mapId>
<globalId>59_60c6a4e154743da7afe7d223fdc5168c</globalId>
<name>DataDefMap for Txn Attributes Data Profile of TrxDefId:1</name>
<nameRBKey/>
<description/>
<descriptionRBKey/>
<dataDefId>104</dataDefId>
<_dataDefId_globalId>58_1b75317b3e89f0fbbac13e76ed49b9e1</_dataDefId_globalId>
<parentObjectType>1</parentObjectType>
<parentObjectId>1</parentObjectId>
<_parentObjectId_globalId>49_20cc66894f332bea060d10be233483a6</_parentObjectId_globalId>
<relationType>data</relationType>
<notes/>
</VTDataDefMap>
<VTDataDefMap global_id="3599_6d9d352fb3b08b3c54cc083c83b2c4a7">
<createTime>1271801757530</createTime>
<updateTime>1271801757530</updateTime>
<mapId>4</mapId>
<globalId>3599_6d9d352fb3b08b3c54cc083c83b2c4a7</globalId>
<name>DataDefMap for Data Profile of EntityDefId:5</name>
<nameRBKey>tracker.transaction.auth.entity.auth_bharosa_subgroup.data_def_map_for_dataprofile.label.RBKey</nameRBKey>
<description/>
<descriptionRBKey>tracker.transaction.auth.entity.auth_bharosa_subgroup.data_def_map_for_dataprofile.desc.RBKey</descriptionRBKey>
<dataDefId>4</dataDefId>
<_dataDefId_globalId>3598_9d2d80c11db1f05f3e726a3ac22dbe43</_dataDefId_globalId>
<parentObjectType>3</parentObjectType>
<parentObjectId>2</parentObjectId>
<_parentObjectId_globalId>3597_581e022721aa3614666510cbda99ec10</_parentObjectId_globalId>
<relationType>data</relationType>
<notes/>
</VTDataDefMap>
<VTDataDefMap global_id="3602_1da3451e4c3485f135fa1fb38394d0d1">
<createTime>1271801757530</createTime>
<updateTime>1271801757530</updateTime>
<mapId>5</mapId>
<globalId>3602_1da3451e4c3485f135fa1fb38394d0d1</globalId>
<name>DataDefMap for DataDef of EntityId:5</name>
<nameRBKey>tracker.transaction.auth.entity.auth_bharosa_subgroup.data_def_map_for_datadef.name.RBKey</nameRBKey>
<description/>
<descriptionRBKey>tracker.transaction.auth.entity.auth_bharosa_subgroup.data_def_map_for_datadef.desc.RBKey</descriptionRBKey>
<dataDefId>5</dataDefId>
<_dataDefId_globalId>3601_cc745c7cf78469503e0b6e7ce442912c</_dataDefId_globalId>
<parentObjectType>3</parentObjectType>
<parentObjectId>2</parentObjectId>
<_parentObjectId_globalId>3597_581e022721aa3614666510cbda99ec10</_parentObjectId_globalId>
<relationType>key</relationType>
<notes/>
</VTDataDefMap>
<VTDataDefMap global_id="3605_4b8422d15198c3abd63605fc4647859c">
<createTime>1271801757530</createTime>
<updateTime>1271801757530</updateTime>
<mapId>6</mapId>
<globalId>3605_4b8422d15198c3abd63605fc4647859c</globalId>
<name>DataDefMap for DataDef of EntityId:5</name>
<nameRBKey>tracker.transaction.auth.entity.auth_bharosa_subgroup.data_def_map_for_datadef.name.RBKey</nameRBKey>
<description/>
<descriptionRBKey>tracker.transaction.auth.entity.auth_bharosa_subgroup.data_def_map_for_datadef.desc.RBKey</descriptionRBKey>
<dataDefId>6</dataDefId>
<_dataDefId_globalId>3604_543d86884944d1b63b0e2daa632d4c6c</_dataDefId_globalId>
<parentObjectType>3</parentObjectType>
<parentObjectId>2</parentObjectId>
<_parentObjectId_globalId>3597_581e022721aa3614666510cbda99ec10</_parentObjectId_globalId>
<relationType>name</relationType>
<notes/>
</VTDataDefMap>
<VTDataDefMap global_id="3579_a58f1e2e6f56834684ec6d65df1f2dbd">
<createTime>1271801757530</createTime>
<updateTime>1271801757530</updateTime>
<mapId>7</mapId>
<globalId>3579_a58f1e2e6f56834684ec6d65df1f2dbd</globalId>
<name>DataDefMap for Data Profile of EntityDefId:9</name>
<nameRBKey>tracker.transaction.auth.entity.auth_bharosa_state.data_def_map_for_dataprofile.label.RBKey</nameRBKey>
<description/>
<descriptionRBKey>tracker.transaction.auth.entity.auth_bharosa_state.data_def_map_for_dataprofile.desc.RBKey</descriptionRBKey>
<dataDefId>7</dataDefId>
<_dataDefId_globalId>3578_5ff9aedce57cb621f02b79d213332d95</_dataDefId_globalId>
<parentObjectType>3</parentObjectType>
<parentObjectId>3</parentObjectId>
<_parentObjectId_globalId>3577_38f9cf2231189999b852bc88a1aa5f12</_parentObjectId_globalId>
<relationType>data</relationType>
<notes/>
</VTDataDefMap>
<VTDataDefMap global_id="3582_32f0fbb062d1cb9a38fc4feadce8f35e">
<createTime>1271801757530</createTime>
<updateTime>1271801757530</updateTime>
<mapId>8</mapId>
<globalId>3582_32f0fbb062d1cb9a38fc4feadce8f35e</globalId>
<name>DataDefMap for DataDef of EntityId:9</name>
<nameRBKey>tracker.transaction.auth.entity.auth_bharosa_state.data_def_map_for_datadef.name.RBKey</nameRBKey>
<description/>
<descriptionRBKey>tracker.transaction.auth.entity.auth_bharosa_state.data_def_map_for_datadef.desc.RBKey</descriptionRBKey>
<dataDefId>8</dataDefId>
<_dataDefId_globalId>3581_368cbed3f3deec3496bc77f3d21416d0</_dataDefId_globalId>
<parentObjectType>3</parentObjectType>
<parentObjectId>3</parentObjectId>
<_parentObjectId_globalId>3577_38f9cf2231189999b852bc88a1aa5f12</_parentObjectId_globalId>
<relationType>key</relationType>
<notes/>
</VTDataDefMap>
<VTDataDefMap global_id="3586_1d1b08589a518aa0c56390a8d291d0cc">
<createTime>1271801757530</createTime>
<updateTime>1271801757530</updateTime>
<mapId>9</mapId>
<globalId>3586_1d1b08589a518aa0c56390a8d291d0cc</globalId>
<name>DataDefMap for DataDef of EntityId:9</name>
<nameRBKey>tracker.transaction.auth.entity.auth_bharosa_state.data_def_map_for_datadef.name.RBKey</nameRBKey>
<description/>
<descriptionRBKey>tracker.transaction.auth.entity.auth_bharosa_state.data_def_map_for_datadef.desc.RBKey</descriptionRBKey>
<dataDefId>9</dataDefId>
<_dataDefId_globalId>3585_9eeb2a948bb7502e2b0e9eaa84097651</_dataDefId_globalId>
<parentObjectType>3</parentObjectType>
<parentObjectId>3</parentObjectId>
<_parentObjectId_globalId>3577_38f9cf2231189999b852bc88a1aa5f12</_parentObjectId_globalId>
<relationType>name</relationType>
<notes/>
</VTDataDefMap>
<VTDataDefMap global_id="14_63cd946d421f3d6709c1b0d89f9541b7">
<createTime>1274367707001</createTime>
<updateTime>1274367707001</updateTime>
<mapId>107</mapId>
<globalId>14_63cd946d421f3d6709c1b0d89f9541b7</globalId>
<name>DataDefMap for DataDef of EntityId:101</name>
<nameRBKey/>
<description/>
<descriptionRBKey/>
<dataDefId>109</dataDefId>
<_dataDefId_globalId>13_293d5ffbd92f893877a8bcc3d26a5975</_dataDefId_globalId>
<parentObjectType>3</parentObjectType>
<parentObjectId>102</parentObjectId>
<_parentObjectId_globalId>3_805cd1fba0f4c75eeeca74ffdb5b0431</_parentObjectId_globalId>
<relationType>name</relationType>
<notes/>
</VTDataDefMap>
<VTDataDefMap global_id="5_ad92ed28934512ef92c98372ed3ede0b">
<createTime>1274367707001</createTime>
<updateTime>1274367707001</updateTime>
<mapId>108</mapId>
<globalId>5_ad92ed28934512ef92c98372ed3ede0b</globalId>
<name>DataDefMap for Data Profile of EntityDefId:101</name>
<nameRBKey/>
<description/>
<descriptionRBKey/>
<dataDefId>105</dataDefId>
<_dataDefId_globalId>4_963157742f0daf86ca4757f5e23a18da</_dataDefId_globalId>
<parentObjectType>3</parentObjectType>
<parentObjectId>102</parentObjectId>
<_parentObjectId_globalId>3_805cd1fba0f4c75eeeca74ffdb5b0431</_parentObjectId_globalId>
<relationType>data</relationType>
<notes/>
</VTDataDefMap>
<VTDataDefMap global_id="10_7c37d05b066310302ce6cee1ae13d2ab">
<createTime>1274367707001</createTime>
<updateTime>1274367707001</updateTime>
<mapId>109</mapId>
<globalId>10_7c37d05b066310302ce6cee1ae13d2ab</globalId>
<name>DataDefMap for DataDef of EntityId:101</name>
<nameRBKey/>
<description/>
<descriptionRBKey/>
<dataDefId>110</dataDefId>
<_dataDefId_globalId>9_07b616db68a9eb6c4413a45722d74d88</_dataDefId_globalId>
<parentObjectType>3</parentObjectType>
<parentObjectId>102</parentObjectId>
<_parentObjectId_globalId>3_805cd1fba0f4c75eeeca74ffdb5b0431</_parentObjectId_globalId>
<relationType>key</relationType>
<notes/>
</VTDataDefMap>
<VTDataDefMap global_id="53_9935ddecddc3139df7c6d0e862eb1f4e">
<createTime>1274367707001</createTime>
<updateTime>1274367707001</updateTime>
<mapId>110</mapId>
<globalId>53_9935ddecddc3139df7c6d0e862eb1f4e</globalId>
<name>DataDefMap for ExtId Data Profile of EntityDefId:101</name>
<nameRBKey/>
<description/>
<descriptionRBKey/>
<dataDefId>111</dataDefId>
<_dataDefId_globalId>52_136501fdc955a4c3e9b15dfc00df760d</_dataDefId_globalId>
<parentObjectType>3</parentObjectType>
<parentObjectId>102</parentObjectId>
<_parentObjectId_globalId>3_805cd1fba0f4c75eeeca74ffdb5b0431</_parentObjectId_globalId>
<relationType>extid</relationType>
<notes/>
</VTDataDefMap>
<VTDataDefMap global_id="19_fbd5539b05859d2bff4f78a6c3cd007f">
<createTime>1274367707001</createTime>
<updateTime>1274367707001</updateTime>
<mapId>111</mapId>
<globalId>19_fbd5539b05859d2bff4f78a6c3cd007f</globalId>
<name>DataDefMap for Data Profile of EntityDefId:102</name>
<nameRBKey/>
<description/>
<descriptionRBKey/>
<dataDefId>103</dataDefId>
<_dataDefId_globalId>18_9dfffe334cec50fc02a7587cee60828c</_dataDefId_globalId>
<parentObjectType>3</parentObjectType>
<parentObjectId>103</parentObjectId>
<_parentObjectId_globalId>17_1a18fb5e1c91a4c3073811584d8c785c</_parentObjectId_globalId>
<relationType>data</relationType>
<notes/>
</VTDataDefMap>
<VTDataDefMap global_id="22_358db866e44ef923452d980d13280aa7">
<createTime>1274367707001</createTime>
<updateTime>1274367707001</updateTime>
<mapId>112</mapId>
<globalId>22_358db866e44ef923452d980d13280aa7</globalId>
<name>DataDefMap for ExtId Data Profile of EntityDefId:102</name>
<nameRBKey/>
<description/>
<descriptionRBKey/>
<dataDefId>112</dataDefId>
<_dataDefId_globalId>21_09ccc8d91031e6b58c3d5041ee0e8a4b</_dataDefId_globalId>
<parentObjectType>3</parentObjectType>
<parentObjectId>103</parentObjectId>
<_parentObjectId_globalId>17_1a18fb5e1c91a4c3073811584d8c785c</_parentObjectId_globalId>
<relationType>extid</relationType>
<notes/>
</VTDataDefMap>
<VTDataDefMap global_id="27_282ab2e265db8a10e84a5f6b82169d39">
<createTime>1274367707001</createTime>
<updateTime>1274367707001</updateTime>
<mapId>113</mapId>
<globalId>27_282ab2e265db8a10e84a5f6b82169d39</globalId>
<name>DataDefMap for DataDef of EntityId:102</name>
<nameRBKey/>
<description/>
<descriptionRBKey/>
<dataDefId>113</dataDefId>
<_dataDefId_globalId>26_c45d254ad6d2e5a91422f02d2083b571</_dataDefId_globalId>
<parentObjectType>3</parentObjectType>
<parentObjectId>103</parentObjectId>
<_parentObjectId_globalId>17_1a18fb5e1c91a4c3073811584d8c785c</_parentObjectId_globalId>
<relationType>key</relationType>
<notes/>
</VTDataDefMap>
<VTDataDefMap global_id="30_d35dfd764b722f3dc609b29130cab12e">
<createTime>1274367707001</createTime>
<updateTime>1274367707001</updateTime>
<mapId>114</mapId>
<globalId>30_d35dfd764b722f3dc609b29130cab12e</globalId>
<name>DataDefMap for DataDef of EntityId:102</name>
<nameRBKey/>
<description/>
<descriptionRBKey/>
<dataDefId>114</dataDefId>
<_dataDefId_globalId>29_4a702624f0c2533a2bcb70cbfb66d31f</_dataDefId_globalId>
<parentObjectType>3</parentObjectType>
<parentObjectId>103</parentObjectId>
<_parentObjectId_globalId>17_1a18fb5e1c91a4c3073811584d8c785c</_parentObjectId_globalId>
<relationType>name</relationType>
<notes/>
</VTDataDefMap>
</OAAM>
