<?xml version="1.0" encoding="UTF-8" standalone="no"?>
<OAAM>
<VTDataDef global_id="34_0b888daa3adf7ae93bdf8426a6927ecb">
<createTime>1274367707001</createTime>
<updateTime>1274367707001</updateTime>
<dataDefId>101</dataDefId>
<globalId>34_0b888daa3adf7ae93bdf8426a6927ecb</globalId>
<name>DataProfileDef of EntityId: 103</name>
<nameRBKey/>
<description/>
<descriptionRBKey/>
<dataDefKey>data</dataDefKey>
<status>1</status>
<dataDefType>0</dataDefType>
<isRequired>true</isRequired>
<isAutoCreated>false</isAutoCreated>
<notes/>
</VTDataDef>
<VTDataDef global_id="61_8e82457bf9b46ec23c016595fbc44922">
<createTime>1274367707001</createTime>
<updateTime>1274367707001</updateTime>
<dataDefId>102</dataDefId>
<globalId>61_8e82457bf9b46ec23c016595fbc44922</globalId>
<name>Source DataDef of TxnDefId: 1</name>
<nameRBKey/>
<description/>
<descriptionRBKey/>
<dataDefKey>source</dataDefKey>
<status>1</status>
<dataDefType>0</dataDefType>
<isRequired>true</isRequired>
<isAutoCreated>false</isAutoCreated>
<notes/>
</VTDataDef>
<VTDataDef global_id="18_9dfffe334cec50fc02a7587cee60828c">
<createTime>1274367707001</createTime>
<updateTime>1274367707001</updateTime>
<dataDefId>103</dataDefId>
<globalId>18_9dfffe334cec50fc02a7587cee60828c</globalId>
<name>DataProfileDef of EntityId: 102</name>
<nameRBKey/>
<description/>
<descriptionRBKey/>
<dataDefKey>data</dataDefKey>
<status>1</status>
<dataDefType>0</dataDefType>
<isRequired>true</isRequired>
<isAutoCreated>false</isAutoCreated>
<notes/>
</VTDataDef>
<VTDataDef global_id="1_3fb579f7882e97a666494db51b6b8303">
<createTime>1271801757530</createTime>
<updateTime>1271801757530</updateTime>
<dataDefId>1</dataDefId>
<globalId>1_3fb579f7882e97a666494db51b6b8303</globalId>
<name>DataProfileDef of EntityId: 1</name>
<nameRBKey>tracker.transaction.auth.entity.auth_bharosa_user.data_def.label.RBKey</nameRBKey>
<description/>
<descriptionRBKey>tracker.transaction.auth.entity.auth_bharosa_user.data_def.desc.RBKey</descriptionRBKey>
<dataDefKey>data</dataDefKey>
<status>1</status>
<dataDefType>0</dataDefType>
<isRequired>true</isRequired>
<isAutoCreated>false</isAutoCreated>
<notes/>
</VTDataDef>
<VTDataDef global_id="58_1b75317b3e89f0fbbac13e76ed49b9e1">
<createTime>1274367707001</createTime>
<updateTime>1274367707001</updateTime>
<dataDefId>104</dataDefId>
<globalId>58_1b75317b3e89f0fbbac13e76ed49b9e1</globalId>
<name>Txn Attributes DataDef of TxnDefId: 1</name>
<nameRBKey/>
<description/>
<descriptionRBKey/>
<dataDefKey>data</dataDefKey>
<status>1</status>
<dataDefType>0</dataDefType>
<isRequired>true</isRequired>
<isAutoCreated>false</isAutoCreated>
<notes/>
</VTDataDef>
<VTDataDef global_id="4_963157742f0daf86ca4757f5e23a18da">
<createTime>1274367707001</createTime>
<updateTime>1274367707001</updateTime>
<dataDefId>105</dataDefId>
<globalId>4_963157742f0daf86ca4757f5e23a18da</globalId>
<name>DataProfileDef of EntityId: 101</name>
<nameRBKey/>
<description/>
<descriptionRBKey/>
<dataDefKey>data</dataDefKey>
<status>1</status>
<dataDefType>0</dataDefType>
<isRequired>true</isRequired>
<isAutoCreated>false</isAutoCreated>
<notes/>
</VTDataDef>
<VTDataDef global_id="3598_9d2d80c11db1f05f3e726a3ac22dbe43">
<createTime>1271801757530</createTime>
<updateTime>1271801757530</updateTime>
<dataDefId>4</dataDefId>
<globalId>3598_9d2d80c11db1f05f3e726a3ac22dbe43</globalId>
<name>DataProfileDef of EntityId: 5</name>
<nameRBKey>tracker.transaction.auth.entity.auth_bharosa_subgroup.data_def.label.RBKey</nameRBKey>
<description/>
<descriptionRBKey>tracker.transaction.auth.entity.auth_bharosa_subgroup.data_def.desc.RBKey</descriptionRBKey>
<dataDefKey>data</dataDefKey>
<status>1</status>
<dataDefType>0</dataDefType>
<isRequired>true</isRequired>
<isAutoCreated>false</isAutoCreated>
<notes/>
</VTDataDef>
<VTDataDef global_id="3601_cc745c7cf78469503e0b6e7ce442912c">
<createTime>1271801757530</createTime>
<updateTime>1271801757530</updateTime>
<dataDefId>5</dataDefId>
<globalId>3601_cc745c7cf78469503e0b6e7ce442912c</globalId>
<name>&lt;key&gt; DataDef of EntityId: 5</name>
<nameRBKey>tracker.transaction.auth.entity.auth_bharosa_subgroup.data_def_key.label.RBKey</nameRBKey>
<description/>
<descriptionRBKey>tracker.transaction.auth.entity.auth_bharosa_subgroup.data_def_key.desc.RBKey</descriptionRBKey>
<dataDefKey>key</dataDefKey>
<status>1</status>
<dataDefType>0</dataDefType>
<isRequired>true</isRequired>
<isAutoCreated>false</isAutoCreated>
<notes/>
</VTDataDef>
<VTDataDef global_id="3604_543d86884944d1b63b0e2daa632d4c6c">
<createTime>1271801757530</createTime>
<updateTime>1271801757530</updateTime>
<dataDefId>6</dataDefId>
<globalId>3604_543d86884944d1b63b0e2daa632d4c6c</globalId>
<name>&lt;name&gt; DataDef of EntityId: 5</name>
<nameRBKey>tracker.transaction.auth.entity.auth_bharosa_subgroup.data_def_name.label.RBKey</nameRBKey>
<description/>
<descriptionRBKey>tracker.transaction.auth.entity.auth_bharosa_subgroup.data_def_name.desc.RBKey</descriptionRBKey>
<dataDefKey>name</dataDefKey>
<status>1</status>
<dataDefType>0</dataDefType>
<isRequired>true</isRequired>
<isAutoCreated>false</isAutoCreated>
<notes/>
</VTDataDef>
<VTDataDef global_id="4_00f4718412cf48551a8c009f01848f3b">
<createTime>1271801757530</createTime>
<updateTime>1271801757530</updateTime>
<dataDefId>2</dataDefId>
<globalId>4_00f4718412cf48551a8c009f01848f3b</globalId>
<name>&lt;key&gt; DataDef of EntityId: 1</name>
<nameRBKey>tracker.transaction.auth.entity.auth_bharosa_user.data_def_key.label.RBKey</nameRBKey>
<description/>
<descriptionRBKey>tracker.transaction.auth.entity.auth_bharosa_user.data_def_key.desc.RBKey</descriptionRBKey>
<dataDefKey>key</dataDefKey>
<status>1</status>
<dataDefType>0</dataDefType>
<isRequired>true</isRequired>
<isAutoCreated>false</isAutoCreated>
<notes/>
</VTDataDef>
<VTDataDef global_id="7_8c713fb309b91185867f8a1b2c6e98ba">
<createTime>1271801757530</createTime>
<updateTime>1271801757530</updateTime>
<dataDefId>3</dataDefId>
<globalId>7_8c713fb309b91185867f8a1b2c6e98ba</globalId>
<name>&lt;name&gt; DataDef of EntityId: 1</name>
<nameRBKey>tracker.transaction.auth.entity.auth_bharosa_user.data_def_name.label.RBKey</nameRBKey>
<description/>
<descriptionRBKey>tracker.transaction.auth.entity.auth_bharosa_user.data_def_name.desc.RBKey</descriptionRBKey>
<dataDefKey>name</dataDefKey>
<status>1</status>
<dataDefType>0</dataDefType>
<isRequired>true</isRequired>
<isAutoCreated>false</isAutoCreated>
<notes/>
</VTDataDef>
<VTDataDef global_id="3578_5ff9aedce57cb621f02b79d213332d95">
<createTime>1271801757530</createTime>
<updateTime>1271801757530</updateTime>
<dataDefId>7</dataDefId>
<globalId>3578_5ff9aedce57cb621f02b79d213332d95</globalId>
<name>DataProfileDef of EntityId: 9</name>
<nameRBKey>tracker.transaction.auth.entity.auth_bharosa_state.data_def.label.RBKey</nameRBKey>
<description/>
<descriptionRBKey>tracker.transaction.auth.entity.auth_bharosa_state.data_def.desc.RBKey</descriptionRBKey>
<dataDefKey>data</dataDefKey>
<status>1</status>
<dataDefType>0</dataDefType>
<isRequired>true</isRequired>
<isAutoCreated>false</isAutoCreated>
<notes/>
</VTDataDef>
<VTDataDef global_id="3581_368cbed3f3deec3496bc77f3d21416d0">
<createTime>1271801757530</createTime>
<updateTime>1271801757530</updateTime>
<dataDefId>8</dataDefId>
<globalId>3581_368cbed3f3deec3496bc77f3d21416d0</globalId>
<name>&lt;key&gt; DataDef of EntityId: 9</name>
<nameRBKey>tracker.transaction.auth.entity.auth_bharosa_state.data_def_key.label.RBKey</nameRBKey>
<description/>
<descriptionRBKey>tracker.transaction.auth.entity.auth_bharosa_state.data_def_key.desc.RBKey</descriptionRBKey>
<dataDefKey>key</dataDefKey>
<status>1</status>
<dataDefType>0</dataDefType>
<isRequired>true</isRequired>
<isAutoCreated>false</isAutoCreated>
<notes/>
</VTDataDef>
<VTDataDef global_id="3585_9eeb2a948bb7502e2b0e9eaa84097651">
<createTime>1271801757530</createTime>
<updateTime>1271801757530</updateTime>
<dataDefId>9</dataDefId>
<globalId>3585_9eeb2a948bb7502e2b0e9eaa84097651</globalId>
<name>&lt;name&gt; DataDef of EntityId: 9</name>
<nameRBKey>tracker.transaction.auth.entity.auth_bharosa_state.data_def_name.label.RBKey</nameRBKey>
<description/>
<descriptionRBKey>tracker.transaction.auth.entity.auth_bharosa_state.data_def_name.desc.RBKey</descriptionRBKey>
<dataDefKey>name</dataDefKey>
<status>1</status>
<dataDefType>0</dataDefType>
<isRequired>true</isRequired>
<isAutoCreated>false</isAutoCreated>
<notes/>
</VTDataDef>
<VTDataDef global_id="37_2fe21d3c7878149f6230c7557b616a15">
<createTime>1274367707001</createTime>
<updateTime>1274367707001</updateTime>
<dataDefId>106</dataDefId>
<globalId>37_2fe21d3c7878149f6230c7557b616a15</globalId>
<name>ExtId DataDef of EntityDefId: 103</name>
<nameRBKey/>
<description/>
<descriptionRBKey/>
<dataDefKey>extid</dataDefKey>
<status>1</status>
<dataDefType>0</dataDefType>
<isRequired>true</isRequired>
<isAutoCreated>false</isAutoCreated>
<notes/>
</VTDataDef>
<VTDataDef global_id="42_f62c093a9d1dba4ba7549c3175949615">
<createTime>1274367707001</createTime>
<updateTime>1274367707001</updateTime>
<dataDefId>107</dataDefId>
<globalId>42_f62c093a9d1dba4ba7549c3175949615</globalId>
<name>&lt;name&gt; DataDef of EntityId: 103</name>
<nameRBKey/>
<description/>
<descriptionRBKey/>
<dataDefKey>name</dataDefKey>
<status>1</status>
<dataDefType>0</dataDefType>
<isRequired>true</isRequired>
<isAutoCreated>false</isAutoCreated>
<notes/>
</VTDataDef>
<VTDataDef global_id="46_529a0ca25e4c95270cb25d66c05d86f1">
<createTime>1274367707001</createTime>
<updateTime>1274367707001</updateTime>
<dataDefId>108</dataDefId>
<globalId>46_529a0ca25e4c95270cb25d66c05d86f1</globalId>
<name>&lt;key&gt; DataDef of EntityId: 103</name>
<nameRBKey/>
<description/>
<descriptionRBKey/>
<dataDefKey>key</dataDefKey>
<status>1</status>
<dataDefType>0</dataDefType>
<isRequired>true</isRequired>
<isAutoCreated>false</isAutoCreated>
<notes/>
</VTDataDef>
<VTDataDef global_id="13_293d5ffbd92f893877a8bcc3d26a5975">
<createTime>1274367707001</createTime>
<updateTime>1274367707001</updateTime>
<dataDefId>109</dataDefId>
<globalId>13_293d5ffbd92f893877a8bcc3d26a5975</globalId>
<name>&lt;name&gt; DataDef of EntityId: 101</name>
<nameRBKey/>
<description/>
<descriptionRBKey/>
<dataDefKey>name</dataDefKey>
<status>1</status>
<dataDefType>0</dataDefType>
<isRequired>true</isRequired>
<isAutoCreated>false</isAutoCreated>
<notes/>
</VTDataDef>
<VTDataDef global_id="9_07b616db68a9eb6c4413a45722d74d88">
<createTime>1274367707001</createTime>
<updateTime>1274367707001</updateTime>
<dataDefId>110</dataDefId>
<globalId>9_07b616db68a9eb6c4413a45722d74d88</globalId>
<name>&lt;key&gt; DataDef of EntityId: 101</name>
<nameRBKey/>
<description/>
<descriptionRBKey/>
<dataDefKey>key</dataDefKey>
<status>1</status>
<dataDefType>0</dataDefType>
<isRequired>true</isRequired>
<isAutoCreated>false</isAutoCreated>
<notes/>
</VTDataDef>
<VTDataDef global_id="52_136501fdc955a4c3e9b15dfc00df760d">
<createTime>1274367707001</createTime>
<updateTime>1274367707001</updateTime>
<dataDefId>111</dataDefId>
<globalId>52_136501fdc955a4c3e9b15dfc00df760d</globalId>
<name>ExtId DataDef of EntityDefId: 101</name>
<nameRBKey/>
<description/>
<descriptionRBKey/>
<dataDefKey>extid</dataDefKey>
<status>1</status>
<dataDefType>0</dataDefType>
<isRequired>true</isRequired>
<isAutoCreated>false</isAutoCreated>
<notes/>
</VTDataDef>
<VTDataDef global_id="21_09ccc8d91031e6b58c3d5041ee0e8a4b">
<createTime>1274367707001</createTime>
<updateTime>1274367707001</updateTime>
<dataDefId>112</dataDefId>
<globalId>21_09ccc8d91031e6b58c3d5041ee0e8a4b</globalId>
<name>ExtId DataDef of EntityDefId: 102</name>
<nameRBKey/>
<description/>
<descriptionRBKey/>
<dataDefKey>extid</dataDefKey>
<status>1</status>
<dataDefType>0</dataDefType>
<isRequired>true</isRequired>
<isAutoCreated>false</isAutoCreated>
<notes/>
</VTDataDef>
<VTDataDef global_id="26_c45d254ad6d2e5a91422f02d2083b571">
<createTime>1274367707001</createTime>
<updateTime>1274367707001</updateTime>
<dataDefId>113</dataDefId>
<globalId>26_c45d254ad6d2e5a91422f02d2083b571</globalId>
<name>&lt;key&gt; DataDef of EntityId: 102</name>
<nameRBKey/>
<description/>
<descriptionRBKey/>
<dataDefKey>key</dataDefKey>
<status>1</status>
<dataDefType>0</dataDefType>
<isRequired>true</isRequired>
<isAutoCreated>false</isAutoCreated>
<notes/>
</VTDataDef>
<VTDataDef global_id="29_4a702624f0c2533a2bcb70cbfb66d31f">
<createTime>1274367707001</createTime>
<updateTime>1274367707001</updateTime>
<dataDefId>114</dataDefId>
<globalId>29_4a702624f0c2533a2bcb70cbfb66d31f</globalId>
<name>&lt;name&gt; DataDef of EntityId: 102</name>
<nameRBKey/>
<description/>
<descriptionRBKey/>
<dataDefKey>name</dataDefKey>
<status>1</status>
<dataDefType>0</dataDefType>
<isRequired>true</isRequired>
<isAutoCreated>false</isAutoCreated>
<notes/>
</VTDataDef>
</OAAM>
