<?xml version="1.0" encoding="UTF-8" standalone="no"?>
<OAAM>
<VTDataDefElement global_id="36_eafce19c6deec8852f0767466272eecb">
<createTime>1274367707001</createTime>
<updateTime>1274371613301</updateTime>
<dataDefElementId>101</dataDefElementId>
<globalId>36_eafce19c6deec8852f0767466272eecb</globalId>
<defKey>account_number</defKey>
<name>Account Number</name>
<nameRBKey/>
<description>Account Number</description>
<descriptionRBKey/>
<dataDefId>101</dataDefId>
<_dataDefId_globalId>34_0b888daa3adf7ae93bdf8426a6927ecb</_dataDefId_globalId>
<dataRow>0</dataRow>
<dataColumn>1</dataColumn>
<isEncrypted>false</isEncrypted>
<dataType>1</dataType>
<dataFormat/>
<status>1</status>
<isRequired>true</isRequired>
<nameGenScheme>0</nameGenScheme>
<nameGenParams/>
<isAutoCreated>false</isAutoCreated>
<notes/>
</VTDataDefElement>
<VTDataDefElement global_id="40_33fde66d14f17f0c9ae35759f867f46a">
<createTime>1274367707001</createTime>
<updateTime>1274371613435</updateTime>
<dataDefElementId>102</dataDefElementId>
<globalId>40_33fde66d14f17f0c9ae35759f867f46a</globalId>
<defKey>type</defKey>
<name>Account Type</name>
<nameRBKey/>
<description>Type of account</description>
<descriptionRBKey/>
<dataDefId>101</dataDefId>
<_dataDefId_globalId>34_0b888daa3adf7ae93bdf8426a6927ecb</_dataDefId_globalId>
<dataRow>0</dataRow>
<dataColumn>2</dataColumn>
<isEncrypted>false</isEncrypted>
<dataType>1</dataType>
<dataFormat/>
<status>1</status>
<isRequired>false</isRequired>
<nameGenScheme>0</nameGenScheme>
<nameGenParams/>
<isAutoCreated>false</isAutoCreated>
<notes/>
</VTDataDefElement>
<VTDataDefElement global_id="41_75bb667ecd64db7007f01aa6bbd3168f">
<createTime>1274367707001</createTime>
<updateTime>1274371613511</updateTime>
<dataDefElementId>103</dataDefElementId>
<globalId>41_75bb667ecd64db7007f01aa6bbd3168f</globalId>
<defKey>date_opened</defKey>
<name>Date Opened</name>
<nameRBKey/>
<description>Date account was opened</description>
<descriptionRBKey/>
<dataDefId>101</dataDefId>
<_dataDefId_globalId>34_0b888daa3adf7ae93bdf8426a6927ecb</_dataDefId_globalId>
<dataRow>0</dataRow>
<dataColumn>3</dataColumn>
<isEncrypted>false</isEncrypted>
<dataType>3</dataType>
<dataFormat/>
<status>1</status>
<isRequired>false</isRequired>
<nameGenScheme>0</nameGenScheme>
<nameGenParams/>
<isAutoCreated>false</isAutoCreated>
<notes/>
</VTDataDefElement>
<VTDataDefElement global_id="70_ce886e61ecdc04b1761cd9fcc7872f90">
<createTime>1274367707001</createTime>
<updateTime>1274367992104</updateTime>
<dataDefElementId>104</dataDefElementId>
<globalId>70_ce886e61ecdc04b1761cd9fcc7872f90</globalId>
<defKey>dest_account.type</defKey>
<name>Destination Account Type</name>
<nameRBKey/>
<description>Destination Account Type</description>
<descriptionRBKey/>
<dataDefId>102</dataDefId>
<_dataDefId_globalId>61_8e82457bf9b46ec23c016595fbc44922</_dataDefId_globalId>
<dataRow>0</dataRow>
<dataColumn>8</dataColumn>
<isEncrypted>false</isEncrypted>
<dataType>1</dataType>
<dataFormat/>
<status>1</status>
<isRequired>false</isRequired>
<nameGenScheme>0</nameGenScheme>
<nameGenParams/>
<isAutoCreated>false</isAutoCreated>
<notes/>
</VTDataDefElement>
<VTDataDefElement global_id="67_a21662ca5c4b58a18dde2b2e615f4e31">
<createTime>1274367707001</createTime>
<updateTime>1274367991947</updateTime>
<dataDefElementId>105</dataDefElementId>
<globalId>67_a21662ca5c4b58a18dde2b2e615f4e31</globalId>
<defKey>source_account.type</defKey>
<name>Source Account Type</name>
<nameRBKey/>
<description>Source Account Type</description>
<descriptionRBKey/>
<dataDefId>102</dataDefId>
<_dataDefId_globalId>61_8e82457bf9b46ec23c016595fbc44922</_dataDefId_globalId>
<dataRow>0</dataRow>
<dataColumn>5</dataColumn>
<isEncrypted>false</isEncrypted>
<dataType>1</dataType>
<dataFormat/>
<status>1</status>
<isRequired>false</isRequired>
<nameGenScheme>0</nameGenScheme>
<nameGenParams/>
<isAutoCreated>false</isAutoCreated>
<notes/>
</VTDataDefElement>
<VTDataDefElement global_id="69_42678d326b1d5b8955935e8906fb7574">
<createTime>1274367707001</createTime>
<updateTime>1274367992038</updateTime>
<dataDefElementId>106</dataDefElementId>
<globalId>69_42678d326b1d5b8955935e8906fb7574</globalId>
<defKey>dest_account.account_number</defKey>
<name>Destination Account Number</name>
<nameRBKey/>
<description>Destination Account Number</description>
<descriptionRBKey/>
<dataDefId>102</dataDefId>
<_dataDefId_globalId>61_8e82457bf9b46ec23c016595fbc44922</_dataDefId_globalId>
<dataRow>0</dataRow>
<dataColumn>7</dataColumn>
<isEncrypted>false</isEncrypted>
<dataType>1</dataType>
<dataFormat/>
<status>1</status>
<isRequired>false</isRequired>
<nameGenScheme>0</nameGenScheme>
<nameGenParams/>
<isAutoCreated>false</isAutoCreated>
<notes/>
</VTDataDefElement>
<VTDataDefElement global_id="72_029c0b714e33988e37bd1684ed558241">
<createTime>1274367707001</createTime>
<updateTime>1274367992179</updateTime>
<dataDefElementId>107</dataDefElementId>
<globalId>72_029c0b714e33988e37bd1684ed558241</globalId>
<defKey>bill_pay.amount</defKey>
<name>Bill Pay Dollar Amount</name>
<nameRBKey/>
<description>Bill Pay Dollar Amount</description>
<descriptionRBKey/>
<dataDefId>102</dataDefId>
<_dataDefId_globalId>61_8e82457bf9b46ec23c016595fbc44922</_dataDefId_globalId>
<dataRow>0</dataRow>
<dataColumn>10</dataColumn>
<isEncrypted>false</isEncrypted>
<dataType>1</dataType>
<dataFormat/>
<status>1</status>
<isRequired>false</isRequired>
<nameGenScheme>0</nameGenScheme>
<nameGenParams/>
<isAutoCreated>false</isAutoCreated>
<notes/>
</VTDataDefElement>
<VTDataDefElement global_id="64_df1ca0cc736817d0c55dfa6705d85c3c">
<createTime>1274367707001</createTime>
<updateTime>1274367991823</updateTime>
<dataDefElementId>108</dataDefElementId>
<globalId>64_df1ca0cc736817d0c55dfa6705d85c3c</globalId>
<defKey>user.last_name</defKey>
<name>User's Last Name</name>
<nameRBKey/>
<description>Last Name of the curretnly logged in user</description>
<descriptionRBKey/>
<dataDefId>102</dataDefId>
<_dataDefId_globalId>61_8e82457bf9b46ec23c016595fbc44922</_dataDefId_globalId>
<dataRow>0</dataRow>
<dataColumn>2</dataColumn>
<isEncrypted>false</isEncrypted>
<dataType>1</dataType>
<dataFormat/>
<status>1</status>
<isRequired>false</isRequired>
<nameGenScheme>0</nameGenScheme>
<nameGenParams/>
<isAutoCreated>false</isAutoCreated>
<notes/>
</VTDataDefElement>
<VTDataDefElement global_id="66_a7bc6704c2008090e2e92e824f3c5ac9">
<createTime>1274367707001</createTime>
<updateTime>1274367991911</updateTime>
<dataDefElementId>109</dataDefElementId>
<globalId>66_a7bc6704c2008090e2e92e824f3c5ac9</globalId>
<defKey>source_account.account_number</defKey>
<name>Source Account Number</name>
<nameRBKey/>
<description>Source Account Number</description>
<descriptionRBKey/>
<dataDefId>102</dataDefId>
<_dataDefId_globalId>61_8e82457bf9b46ec23c016595fbc44922</_dataDefId_globalId>
<dataRow>0</dataRow>
<dataColumn>4</dataColumn>
<isEncrypted>false</isEncrypted>
<dataType>1</dataType>
<dataFormat/>
<status>1</status>
<isRequired>false</isRequired>
<nameGenScheme>0</nameGenScheme>
<nameGenParams/>
<isAutoCreated>false</isAutoCreated>
<notes/>
</VTDataDefElement>
<VTDataDefElement global_id="68_eda19bc2516f2019603520537386108b">
<createTime>1274367707001</createTime>
<updateTime>1274367992005</updateTime>
<dataDefElementId>110</dataDefElementId>
<globalId>68_eda19bc2516f2019603520537386108b</globalId>
<defKey>source_account.date_opened</defKey>
<name>Source Account Date Opened</name>
<nameRBKey/>
<description>Source Account Date Opened</description>
<descriptionRBKey/>
<dataDefId>102</dataDefId>
<_dataDefId_globalId>61_8e82457bf9b46ec23c016595fbc44922</_dataDefId_globalId>
<dataRow>0</dataRow>
<dataColumn>6</dataColumn>
<isEncrypted>false</isEncrypted>
<dataType>1</dataType>
<dataFormat/>
<status>1</status>
<isRequired>false</isRequired>
<nameGenScheme>0</nameGenScheme>
<nameGenParams/>
<isAutoCreated>false</isAutoCreated>
<notes/>
</VTDataDefElement>
<VTDataDefElement global_id="71_1b7c6cbffc38a87b40c9e8cf25b317ac">
<createTime>1274367707001</createTime>
<updateTime>1274367992138</updateTime>
<dataDefElementId>111</dataDefElementId>
<globalId>71_1b7c6cbffc38a87b40c9e8cf25b317ac</globalId>
<defKey>dest_account.date_opened</defKey>
<name>Destination Account Date Opened</name>
<nameRBKey/>
<description>Destinatino Account Date Opened</description>
<descriptionRBKey/>
<dataDefId>102</dataDefId>
<_dataDefId_globalId>61_8e82457bf9b46ec23c016595fbc44922</_dataDefId_globalId>
<dataRow>0</dataRow>
<dataColumn>9</dataColumn>
<isEncrypted>false</isEncrypted>
<dataType>1</dataType>
<dataFormat/>
<status>1</status>
<isRequired>false</isRequired>
<nameGenScheme>0</nameGenScheme>
<nameGenParams/>
<isAutoCreated>false</isAutoCreated>
<notes/>
</VTDataDefElement>
<VTDataDefElement global_id="63_1dec411bad6980a7c1266bbbf3614293">
<createTime>1274367707001</createTime>
<updateTime>1274367991779</updateTime>
<dataDefElementId>112</dataDefElementId>
<globalId>63_1dec411bad6980a7c1266bbbf3614293</globalId>
<defKey>user.first_name</defKey>
<name>User's First Name</name>
<nameRBKey/>
<description>First Name of the currently logged in user</description>
<descriptionRBKey/>
<dataDefId>102</dataDefId>
<_dataDefId_globalId>61_8e82457bf9b46ec23c016595fbc44922</_dataDefId_globalId>
<dataRow>0</dataRow>
<dataColumn>1</dataColumn>
<isEncrypted>false</isEncrypted>
<dataType>1</dataType>
<dataFormat/>
<status>1</status>
<isRequired>false</isRequired>
<nameGenScheme>0</nameGenScheme>
<nameGenParams/>
<isAutoCreated>false</isAutoCreated>
<notes/>
</VTDataDefElement>
<VTDataDefElement global_id="65_00d1f176ea44d7140b1bf679c88c711d">
<createTime>1274367707001</createTime>
<updateTime>1274367991867</updateTime>
<dataDefElementId>113</dataDefElementId>
<globalId>65_00d1f176ea44d7140b1bf679c88c711d</globalId>
<defKey>user.login_date</defKey>
<name>User's Last Login Date</name>
<nameRBKey/>
<description>User's Last Login Date</description>
<descriptionRBKey/>
<dataDefId>102</dataDefId>
<_dataDefId_globalId>61_8e82457bf9b46ec23c016595fbc44922</_dataDefId_globalId>
<dataRow>0</dataRow>
<dataColumn>3</dataColumn>
<isEncrypted>false</isEncrypted>
<dataType>1</dataType>
<dataFormat/>
<status>1</status>
<isRequired>false</isRequired>
<nameGenScheme>0</nameGenScheme>
<nameGenParams/>
<isAutoCreated>false</isAutoCreated>
<notes/>
</VTDataDefElement>
<VTDataDefElement global_id="4_9422c076e6b1751b5f82fc58276bf7eb">
<createTime>1274367992224</createTime>
<updateTime>1274367992224</updateTime>
<dataDefElementId>135</dataDefElementId>
<globalId>4_9422c076e6b1751b5f82fc58276bf7eb</globalId>
<defKey>user.last_profile_update</defKey>
<name>User's Last Profile Update</name>
<nameRBKey/>
<description>Last time the user updated their profile information</description>
<descriptionRBKey/>
<dataDefId>102</dataDefId>
<_dataDefId_globalId>61_8e82457bf9b46ec23c016595fbc44922</_dataDefId_globalId>
<dataRow>1</dataRow>
<dataColumn>1</dataColumn>
<isEncrypted>false</isEncrypted>
<dataType>1</dataType>
<dataFormat/>
<status>1</status>
<isRequired>false</isRequired>
<nameGenScheme>0</nameGenScheme>
<nameGenParams/>
<isAutoCreated>false</isAutoCreated>
<notes/>
</VTDataDefElement>
<VTDataDefElement global_id="20_d003551e595458055da9fd207648dd7f">
<createTime>1274367707001</createTime>
<updateTime>1274371594138</updateTime>
<dataDefElementId>114</dataDefElementId>
<globalId>20_d003551e595458055da9fd207648dd7f</globalId>
<defKey>account_number</defKey>
<name>Account Number</name>
<nameRBKey/>
<description>Account Number</description>
<descriptionRBKey/>
<dataDefId>103</dataDefId>
<_dataDefId_globalId>18_9dfffe334cec50fc02a7587cee60828c</_dataDefId_globalId>
<dataRow>0</dataRow>
<dataColumn>1</dataColumn>
<isEncrypted>false</isEncrypted>
<dataType>1</dataType>
<dataFormat/>
<status>1</status>
<isRequired>true</isRequired>
<nameGenScheme>0</nameGenScheme>
<nameGenParams/>
<isAutoCreated>false</isAutoCreated>
<notes/>
</VTDataDefElement>
<VTDataDefElement global_id="24_2c6d3d4de757fd07fbe2cecabc77fdb4">
<createTime>1274367707001</createTime>
<updateTime>1274371594355</updateTime>
<dataDefElementId>115</dataDefElementId>
<globalId>24_2c6d3d4de757fd07fbe2cecabc77fdb4</globalId>
<defKey>type</defKey>
<name>Account Type</name>
<nameRBKey/>
<description>Type of account</description>
<descriptionRBKey/>
<dataDefId>103</dataDefId>
<_dataDefId_globalId>18_9dfffe334cec50fc02a7587cee60828c</_dataDefId_globalId>
<dataRow>0</dataRow>
<dataColumn>2</dataColumn>
<isEncrypted>false</isEncrypted>
<dataType>1</dataType>
<dataFormat/>
<status>1</status>
<isRequired>false</isRequired>
<nameGenScheme>0</nameGenScheme>
<nameGenParams/>
<isAutoCreated>false</isAutoCreated>
<notes/>
</VTDataDefElement>
<VTDataDefElement global_id="25_148d31eec70dc07762266fc373fefd3f">
<createTime>1274367707001</createTime>
<updateTime>1274371594442</updateTime>
<dataDefElementId>116</dataDefElementId>
<globalId>25_148d31eec70dc07762266fc373fefd3f</globalId>
<defKey>date_opened</defKey>
<name>Date Opened</name>
<nameRBKey/>
<description>Date account was opened</description>
<descriptionRBKey/>
<dataDefId>103</dataDefId>
<_dataDefId_globalId>18_9dfffe334cec50fc02a7587cee60828c</_dataDefId_globalId>
<dataRow>0</dataRow>
<dataColumn>3</dataColumn>
<isEncrypted>false</isEncrypted>
<dataType>3</dataType>
<dataFormat/>
<status>1</status>
<isRequired>false</isRequired>
<nameGenScheme>0</nameGenScheme>
<nameGenParams/>
<isAutoCreated>false</isAutoCreated>
<notes/>
</VTDataDefElement>
<VTDataDefElement global_id="3_afed49353f8ddb72d78675eaacb32dce">
<createTime>1271801757530</createTime>
<updateTime>1271801757530</updateTime>
<dataDefElementId>1</dataDefElementId>
<globalId>3_afed49353f8ddb72d78675eaacb32dce</globalId>
<defKey>1</defKey>
<name>Auth_Bharosa_User_Entity_Name</name>
<nameRBKey>tracker.transaction.auth.entity.auth_bharosa_user.data_def_elem.name.RBKey</nameRBKey>
<description>Auth_Bharosa_User_Entity_Name</description>
<descriptionRBKey>tracker.transaction.auth.entity.auth_bharosa_user.data_def_elem.desc.RBKey</descriptionRBKey>
<dataDefId>1</dataDefId>
<_dataDefId_globalId>1_3fb579f7882e97a666494db51b6b8303</_dataDefId_globalId>
<dataRow>0</dataRow>
<dataColumn>1</dataColumn>
<isEncrypted>false</isEncrypted>
<dataType>5</dataType>
<dataFormat/>
<status>1</status>
<isRequired>false</isRequired>
<nameGenScheme>0</nameGenScheme>
<nameGenParams/>
<isAutoCreated>false</isAutoCreated>
<notes/>
</VTDataDefElement>
<VTDataDefElement global_id="60_63e5676a2e0430983808b6931b1c9bc4">
<createTime>1274367707001</createTime>
<updateTime>1274367950968</updateTime>
<dataDefElementId>117</dataDefElementId>
<globalId>60_63e5676a2e0430983808b6931b1c9bc4</globalId>
<defKey>bill_pay.amount</defKey>
<name>Bill Pay Amount</name>
<nameRBKey/>
<description>Bill Pay Amount for the current transaction</description>
<descriptionRBKey/>
<dataDefId>104</dataDefId>
<_dataDefId_globalId>58_1b75317b3e89f0fbbac13e76ed49b9e1</_dataDefId_globalId>
<dataRow>0</dataRow>
<dataColumn>11</dataColumn>
<isEncrypted>false</isEncrypted>
<dataType>2</dataType>
<dataFormat/>
<status>1</status>
<isRequired>true</isRequired>
<nameGenScheme>0</nameGenScheme>
<nameGenParams/>
<isAutoCreated>false</isAutoCreated>
<notes/>
</VTDataDefElement>
<VTDataDefElement global_id="6_318baa0876657813db73082b82335df0">
<createTime>1274367707001</createTime>
<updateTime>1274367886881</updateTime>
<dataDefElementId>118</dataDefElementId>
<globalId>6_318baa0876657813db73082b82335df0</globalId>
<defKey>first_name</defKey>
<name>First Name</name>
<nameRBKey/>
<description>User's First Name</description>
<descriptionRBKey/>
<dataDefId>105</dataDefId>
<_dataDefId_globalId>4_963157742f0daf86ca4757f5e23a18da</_dataDefId_globalId>
<dataRow>0</dataRow>
<dataColumn>1</dataColumn>
<isEncrypted>false</isEncrypted>
<dataType>1</dataType>
<dataFormat/>
<status>1</status>
<isRequired>false</isRequired>
<nameGenScheme>0</nameGenScheme>
<nameGenParams/>
<isAutoCreated>false</isAutoCreated>
<notes/>
</VTDataDefElement>
<VTDataDefElement global_id="8_1b14621e71d729314ce80f8e91fde822">
<createTime>1274367707001</createTime>
<updateTime>1274367887299</updateTime>
<dataDefElementId>119</dataDefElementId>
<globalId>8_1b14621e71d729314ce80f8e91fde822</globalId>
<defKey>login_date</defKey>
<name>Login Date</name>
<nameRBKey/>
<description>User's Last Login Date</description>
<descriptionRBKey/>
<dataDefId>105</dataDefId>
<_dataDefId_globalId>4_963157742f0daf86ca4757f5e23a18da</_dataDefId_globalId>
<dataRow>0</dataRow>
<dataColumn>3</dataColumn>
<isEncrypted>false</isEncrypted>
<dataType>1</dataType>
<dataFormat/>
<status>1</status>
<isRequired>false</isRequired>
<nameGenScheme>0</nameGenScheme>
<nameGenParams/>
<isAutoCreated>false</isAutoCreated>
<notes/>
</VTDataDefElement>
<VTDataDefElement global_id="7_8b0406b1698538b7d9dafea9c6999ab7">
<createTime>1274367707001</createTime>
<updateTime>1274367887034</updateTime>
<dataDefElementId>120</dataDefElementId>
<globalId>7_8b0406b1698538b7d9dafea9c6999ab7</globalId>
<defKey>last_name</defKey>
<name>Last Name</name>
<nameRBKey/>
<description>User's Last Name</description>
<descriptionRBKey/>
<dataDefId>105</dataDefId>
<_dataDefId_globalId>4_963157742f0daf86ca4757f5e23a18da</_dataDefId_globalId>
<dataRow>0</dataRow>
<dataColumn>2</dataColumn>
<isEncrypted>false</isEncrypted>
<dataType>1</dataType>
<dataFormat/>
<status>1</status>
<isRequired>true</isRequired>
<nameGenScheme>0</nameGenScheme>
<nameGenParams/>
<isAutoCreated>false</isAutoCreated>
<notes/>
</VTDataDefElement>
<VTDataDefElement global_id="3_2257b33ad29f2e1ee6967b9570b00766">
<createTime>1274367887399</createTime>
<updateTime>1274367887399</updateTime>
<dataDefElementId>134</dataDefElementId>
<globalId>3_2257b33ad29f2e1ee6967b9570b00766</globalId>
<defKey>last_profile_update</defKey>
<name>Last Profile Update</name>
<nameRBKey/>
<description>Last time the user updated their profile</description>
<descriptionRBKey/>
<dataDefId>105</dataDefId>
<_dataDefId_globalId>4_963157742f0daf86ca4757f5e23a18da</_dataDefId_globalId>
<dataRow>0</dataRow>
<dataColumn>4</dataColumn>
<isEncrypted>false</isEncrypted>
<dataType>3</dataType>
<dataFormat/>
<status>1</status>
<isRequired>false</isRequired>
<nameGenScheme>0</nameGenScheme>
<nameGenParams/>
<isAutoCreated>false</isAutoCreated>
<notes/>
</VTDataDefElement>
<VTDataDefElement global_id="3600_650e3babf38844fd9b9d89a8c5cf9031">
<createTime>1271801757530</createTime>
<updateTime>1271801757530</updateTime>
<dataDefElementId>4</dataDefElementId>
<globalId>3600_650e3babf38844fd9b9d89a8c5cf9031</globalId>
<defKey>1</defKey>
<name>Auth_Bharosa_Subgroup_Entity_Name</name>
<nameRBKey>tracker.transaction.auth.entity.auth_bharosa_subgroup.data_def_elem.name.RBKey</nameRBKey>
<description>Auth_Bharosa_Subgroup_Entity_Name</description>
<descriptionRBKey>tracker.transaction.auth.entity.auth_bharosa_subgroup.data_def_elem.desc.RBKey</descriptionRBKey>
<dataDefId>4</dataDefId>
<_dataDefId_globalId>3598_9d2d80c11db1f05f3e726a3ac22dbe43</_dataDefId_globalId>
<dataRow>0</dataRow>
<dataColumn>1</dataColumn>
<isEncrypted>false</isEncrypted>
<dataType>5</dataType>
<dataFormat/>
<status>1</status>
<isRequired>false</isRequired>
<nameGenScheme>0</nameGenScheme>
<nameGenParams/>
<isAutoCreated>false</isAutoCreated>
<notes/>
</VTDataDefElement>
<VTDataDefElement global_id="3603_4435aa4c6e430ee34528e8a4ba65886d">
<createTime>1271801757530</createTime>
<updateTime>1271801757530</updateTime>
<dataDefElementId>5</dataDefElementId>
<globalId>3603_4435aa4c6e430ee34528e8a4ba65886d</globalId>
<defKey>1</defKey>
<name>Auth_Bharosa_Subgroup_Entity_Name</name>
<nameRBKey>tracker.transaction.auth.entity.auth_bharosa_subgroup.data_def_elem.name.RBKey</nameRBKey>
<description>Auth_Bharosa_Subgroup_Entity_Name</description>
<descriptionRBKey>tracker.transaction.auth.entity.auth_bharosa_subgroup.data_def_elem.desc.RBKey</descriptionRBKey>
<dataDefId>5</dataDefId>
<_dataDefId_globalId>3601_cc745c7cf78469503e0b6e7ce442912c</_dataDefId_globalId>
<dataRow>0</dataRow>
<dataColumn>1</dataColumn>
<isEncrypted>false</isEncrypted>
<dataType>5</dataType>
<dataFormat/>
<status>1</status>
<isRequired>false</isRequired>
<nameGenScheme>0</nameGenScheme>
<nameGenParams/>
<isAutoCreated>false</isAutoCreated>
<notes/>
</VTDataDefElement>
<VTDataDefElement global_id="3606_171b67b39e1769aa83d44bee48bd430f">
<createTime>1271801757530</createTime>
<updateTime>1271801757530</updateTime>
<dataDefElementId>6</dataDefElementId>
<globalId>3606_171b67b39e1769aa83d44bee48bd430f</globalId>
<defKey>1</defKey>
<name>Auth_Bharosa_Subgroup_Entity_Name</name>
<nameRBKey>tracker.transaction.auth.entity.auth_bharosa_subgroup.data_def_elem.name.RBKey</nameRBKey>
<description>Auth_Bharosa_Subgroup_Entity_Name</description>
<descriptionRBKey>tracker.transaction.auth.entity.auth_bharosa_subgroup.data_def_elem.desc.RBKey</descriptionRBKey>
<dataDefId>6</dataDefId>
<_dataDefId_globalId>3604_543d86884944d1b63b0e2daa632d4c6c</_dataDefId_globalId>
<dataRow>0</dataRow>
<dataColumn>1</dataColumn>
<isEncrypted>false</isEncrypted>
<dataType>5</dataType>
<dataFormat/>
<status>1</status>
<isRequired>false</isRequired>
<nameGenScheme>0</nameGenScheme>
<nameGenParams/>
<isAutoCreated>false</isAutoCreated>
<notes/>
</VTDataDefElement>
<VTDataDefElement global_id="6_4cbb79e42d2fc4110bb2df46fb57c718">
<createTime>1271801757530</createTime>
<updateTime>1271801757530</updateTime>
<dataDefElementId>2</dataDefElementId>
<globalId>6_4cbb79e42d2fc4110bb2df46fb57c718</globalId>
<defKey>1</defKey>
<name>Auth_Bharosa_User_Entity_Name</name>
<nameRBKey>tracker.transaction.auth.entity.auth_bharosa_user.data_def_elem.name.RBKey</nameRBKey>
<description>Auth_Bharosa_User_Entity_Name</description>
<descriptionRBKey>tracker.transaction.auth.entity.auth_bharosa_user.data_def_elem.desc.RBKey</descriptionRBKey>
<dataDefId>2</dataDefId>
<_dataDefId_globalId>4_00f4718412cf48551a8c009f01848f3b</_dataDefId_globalId>
<dataRow>0</dataRow>
<dataColumn>1</dataColumn>
<isEncrypted>false</isEncrypted>
<dataType>5</dataType>
<dataFormat/>
<status>1</status>
<isRequired>false</isRequired>
<nameGenScheme>0</nameGenScheme>
<nameGenParams/>
<isAutoCreated>false</isAutoCreated>
<notes/>
</VTDataDefElement>
<VTDataDefElement global_id="9_4c0a7c2977109406304f58f901aaac52">
<createTime>1271801757530</createTime>
<updateTime>1271801757530</updateTime>
<dataDefElementId>3</dataDefElementId>
<globalId>9_4c0a7c2977109406304f58f901aaac52</globalId>
<defKey>1</defKey>
<name>Auth_Bharosa_User_Entity_Name</name>
<nameRBKey>tracker.transaction.auth.entity.auth_bharosa_user.data_def_elem.name.RBKey</nameRBKey>
<description>Auth_Bharosa_User_Entity_Name</description>
<descriptionRBKey>tracker.transaction.auth.entity.auth_bharosa_user.data_def_elem.desc.RBKey</descriptionRBKey>
<dataDefId>3</dataDefId>
<_dataDefId_globalId>7_8c713fb309b91185867f8a1b2c6e98ba</_dataDefId_globalId>
<dataRow>0</dataRow>
<dataColumn>1</dataColumn>
<isEncrypted>false</isEncrypted>
<dataType>5</dataType>
<dataFormat/>
<status>1</status>
<isRequired>false</isRequired>
<nameGenScheme>0</nameGenScheme>
<nameGenParams/>
<isAutoCreated>false</isAutoCreated>
<notes/>
</VTDataDefElement>
<VTDataDefElement global_id="3580_d1de3c6aded6fb70c5e09981cf5d220e">
<createTime>1271801757530</createTime>
<updateTime>1271801757530</updateTime>
<dataDefElementId>7</dataDefElementId>
<globalId>3580_d1de3c6aded6fb70c5e09981cf5d220e</globalId>
<defKey>1</defKey>
<name>Auth_Bharosa_State_Entity_Name</name>
<nameRBKey>tracker.transaction.auth.entity.auth_bharosa_state.data_def_elem.name.RBKey</nameRBKey>
<description>Auth_Bharosa_State_Entity_Name</description>
<descriptionRBKey>tracker.transaction.auth.entity.auth_bharosa_state.data_def_elem.desc.RBKey</descriptionRBKey>
<dataDefId>7</dataDefId>
<_dataDefId_globalId>3578_5ff9aedce57cb621f02b79d213332d95</_dataDefId_globalId>
<dataRow>0</dataRow>
<dataColumn>1</dataColumn>
<isEncrypted>false</isEncrypted>
<dataType>5</dataType>
<dataFormat/>
<status>1</status>
<isRequired>false</isRequired>
<nameGenScheme>0</nameGenScheme>
<nameGenParams/>
<isAutoCreated>false</isAutoCreated>
<notes/>
</VTDataDefElement>
<VTDataDefElement global_id="3584_bf8b40ef6e2087ed1fdfb0d655ff16d6">
<createTime>1271801757530</createTime>
<updateTime>1271801757530</updateTime>
<dataDefElementId>8</dataDefElementId>
<globalId>3584_bf8b40ef6e2087ed1fdfb0d655ff16d6</globalId>
<defKey>1</defKey>
<name>Auth_Bharosa_State_Entity_Name</name>
<nameRBKey>tracker.transaction.auth.entity.auth_bharosa_state.data_def_elem.name.RBKey</nameRBKey>
<description>Auth_Bharosa_State_Entity_Name</description>
<descriptionRBKey>tracker.transaction.auth.entity.auth_bharosa_state.data_def_elem.desc.RBKey</descriptionRBKey>
<dataDefId>8</dataDefId>
<_dataDefId_globalId>3581_368cbed3f3deec3496bc77f3d21416d0</_dataDefId_globalId>
<dataRow>0</dataRow>
<dataColumn>1</dataColumn>
<isEncrypted>false</isEncrypted>
<dataType>5</dataType>
<dataFormat/>
<status>1</status>
<isRequired>false</isRequired>
<nameGenScheme>0</nameGenScheme>
<nameGenParams/>
<isAutoCreated>false</isAutoCreated>
<notes/>
</VTDataDefElement>
<VTDataDefElement global_id="3587_0449535f54a9e6a767e4987ad2e0a1aa">
<createTime>1271801757530</createTime>
<updateTime>1271801757530</updateTime>
<dataDefElementId>9</dataDefElementId>
<globalId>3587_0449535f54a9e6a767e4987ad2e0a1aa</globalId>
<defKey>1</defKey>
<name>Auth_Bharosa_State_Entity_Name</name>
<nameRBKey>tracker.transaction.auth.entity.auth_bharosa_state.data_def_elem.name.RBKey</nameRBKey>
<description>Auth_Bharosa_State_Entity_Name</description>
<descriptionRBKey>tracker.transaction.auth.entity.auth_bharosa_state.data_def_elem.desc.RBKey</descriptionRBKey>
<dataDefId>9</dataDefId>
<_dataDefId_globalId>3585_9eeb2a948bb7502e2b0e9eaa84097651</_dataDefId_globalId>
<dataRow>0</dataRow>
<dataColumn>1</dataColumn>
<isEncrypted>false</isEncrypted>
<dataType>5</dataType>
<dataFormat/>
<status>1</status>
<isRequired>false</isRequired>
<nameGenScheme>0</nameGenScheme>
<nameGenParams/>
<isAutoCreated>false</isAutoCreated>
<notes/>
</VTDataDefElement>
<VTDataDefElement global_id="39_e8360873a081692cffd50c2a9fc068fe">
<createTime>1274367707001</createTime>
<updateTime>1274371613301</updateTime>
<dataDefElementId>121</dataDefElementId>
<globalId>39_e8360873a081692cffd50c2a9fc068fe</globalId>
<defKey>account_number</defKey>
<name>Account Number</name>
<nameRBKey/>
<description>Account Number</description>
<descriptionRBKey/>
<dataDefId>106</dataDefId>
<_dataDefId_globalId>37_2fe21d3c7878149f6230c7557b616a15</_dataDefId_globalId>
<dataRow>0</dataRow>
<dataColumn>1</dataColumn>
<isEncrypted>false</isEncrypted>
<dataType>1</dataType>
<dataFormat/>
<status>1</status>
<isRequired>false</isRequired>
<nameGenScheme>0</nameGenScheme>
<nameGenParams/>
<isAutoCreated>false</isAutoCreated>
<notes/>
</VTDataDefElement>
<VTDataDefElement global_id="44_b19e554a08834c25b0fd6da0451a7509">
<createTime>1274367707001</createTime>
<updateTime>1274371613301</updateTime>
<dataDefElementId>122</dataDefElementId>
<globalId>44_b19e554a08834c25b0fd6da0451a7509</globalId>
<defKey>account_number</defKey>
<name>Account Number</name>
<nameRBKey/>
<description>Account Number</description>
<descriptionRBKey/>
<dataDefId>107</dataDefId>
<_dataDefId_globalId>42_f62c093a9d1dba4ba7549c3175949615</_dataDefId_globalId>
<dataRow>0</dataRow>
<dataColumn>1</dataColumn>
<isEncrypted>false</isEncrypted>
<dataType>1</dataType>
<dataFormat/>
<status>1</status>
<isRequired>true</isRequired>
<nameGenScheme>0</nameGenScheme>
<nameGenParams/>
<isAutoCreated>false</isAutoCreated>
<notes/>
</VTDataDefElement>
<VTDataDefElement global_id="45_e45be8cfa4acf6f17b0d67b3241cd293">
<createTime>1274367707001</createTime>
<updateTime>1274371613435</updateTime>
<dataDefElementId>123</dataDefElementId>
<globalId>45_e45be8cfa4acf6f17b0d67b3241cd293</globalId>
<defKey>type</defKey>
<name>Account Type</name>
<nameRBKey/>
<description>Type of account</description>
<descriptionRBKey/>
<dataDefId>107</dataDefId>
<_dataDefId_globalId>42_f62c093a9d1dba4ba7549c3175949615</_dataDefId_globalId>
<dataRow>0</dataRow>
<dataColumn>2</dataColumn>
<isEncrypted>false</isEncrypted>
<dataType>1</dataType>
<dataFormat/>
<status>1</status>
<isRequired>false</isRequired>
<nameGenScheme>0</nameGenScheme>
<nameGenParams/>
<isAutoCreated>false</isAutoCreated>
<notes/>
</VTDataDefElement>
<VTDataDefElement global_id="48_2cb37b503ffa2d0dd08a7616a4c44534">
<createTime>1274367707001</createTime>
<updateTime>1274371613301</updateTime>
<dataDefElementId>124</dataDefElementId>
<globalId>48_2cb37b503ffa2d0dd08a7616a4c44534</globalId>
<defKey>account_number</defKey>
<name>Account Number</name>
<nameRBKey/>
<description>Account Number</description>
<descriptionRBKey/>
<dataDefId>108</dataDefId>
<_dataDefId_globalId>46_529a0ca25e4c95270cb25d66c05d86f1</_dataDefId_globalId>
<dataRow>0</dataRow>
<dataColumn>1</dataColumn>
<isEncrypted>false</isEncrypted>
<dataType>1</dataType>
<dataFormat/>
<status>1</status>
<isRequired>true</isRequired>
<nameGenScheme>0</nameGenScheme>
<nameGenParams/>
<isAutoCreated>false</isAutoCreated>
<notes/>
</VTDataDefElement>
<VTDataDefElement global_id="15_e2492f3cc7b07981d160dfe5c5ccdea6">
<createTime>1274367707001</createTime>
<updateTime>1274367886881</updateTime>
<dataDefElementId>125</dataDefElementId>
<globalId>15_e2492f3cc7b07981d160dfe5c5ccdea6</globalId>
<defKey>first_name</defKey>
<name>First Name</name>
<nameRBKey/>
<description>User's First Name</description>
<descriptionRBKey/>
<dataDefId>109</dataDefId>
<_dataDefId_globalId>13_293d5ffbd92f893877a8bcc3d26a5975</_dataDefId_globalId>
<dataRow>0</dataRow>
<dataColumn>1</dataColumn>
<isEncrypted>false</isEncrypted>
<dataType>1</dataType>
<dataFormat/>
<status>1</status>
<isRequired>false</isRequired>
<nameGenScheme>0</nameGenScheme>
<nameGenParams/>
<isAutoCreated>false</isAutoCreated>
<notes/>
</VTDataDefElement>
<VTDataDefElement global_id="16_6403aca5068ce48b4ed64c8b5702b325">
<createTime>1274367707001</createTime>
<updateTime>1274367887034</updateTime>
<dataDefElementId>126</dataDefElementId>
<globalId>16_6403aca5068ce48b4ed64c8b5702b325</globalId>
<defKey>last_name</defKey>
<name>Last Name</name>
<nameRBKey/>
<description>User's Last Name</description>
<descriptionRBKey/>
<dataDefId>109</dataDefId>
<_dataDefId_globalId>13_293d5ffbd92f893877a8bcc3d26a5975</_dataDefId_globalId>
<dataRow>0</dataRow>
<dataColumn>2</dataColumn>
<isEncrypted>false</isEncrypted>
<dataType>1</dataType>
<dataFormat/>
<status>1</status>
<isRequired>false</isRequired>
<nameGenScheme>0</nameGenScheme>
<nameGenParams/>
<isAutoCreated>false</isAutoCreated>
<notes/>
</VTDataDefElement>
<VTDataDefElement global_id="11_dfb724f07301281f24059dde52d2b2e6">
<createTime>1274367707001</createTime>
<updateTime>1274367886881</updateTime>
<dataDefElementId>127</dataDefElementId>
<globalId>11_dfb724f07301281f24059dde52d2b2e6</globalId>
<defKey>first_name</defKey>
<name>First Name</name>
<nameRBKey/>
<description>User's First Name</description>
<descriptionRBKey/>
<dataDefId>110</dataDefId>
<_dataDefId_globalId>9_07b616db68a9eb6c4413a45722d74d88</_dataDefId_globalId>
<dataRow>0</dataRow>
<dataColumn>1</dataColumn>
<isEncrypted>false</isEncrypted>
<dataType>1</dataType>
<dataFormat/>
<status>1</status>
<isRequired>false</isRequired>
<nameGenScheme>0</nameGenScheme>
<nameGenParams/>
<isAutoCreated>false</isAutoCreated>
<notes/>
</VTDataDefElement>
<VTDataDefElement global_id="12_f7ee1a97ec54dc5dc32bade5e240b7cc">
<createTime>1274367707001</createTime>
<updateTime>1274367887034</updateTime>
<dataDefElementId>128</dataDefElementId>
<globalId>12_f7ee1a97ec54dc5dc32bade5e240b7cc</globalId>
<defKey>last_name</defKey>
<name>Last Name</name>
<nameRBKey/>
<description>User's Last Name</description>
<descriptionRBKey/>
<dataDefId>110</dataDefId>
<_dataDefId_globalId>9_07b616db68a9eb6c4413a45722d74d88</_dataDefId_globalId>
<dataRow>0</dataRow>
<dataColumn>2</dataColumn>
<isEncrypted>false</isEncrypted>
<dataType>1</dataType>
<dataFormat/>
<status>1</status>
<isRequired>false</isRequired>
<nameGenScheme>0</nameGenScheme>
<nameGenParams/>
<isAutoCreated>false</isAutoCreated>
<notes/>
</VTDataDefElement>
<VTDataDefElement global_id="54_b357e248d4a3fd75993cd0c878923fd4">
<createTime>1274367707001</createTime>
<updateTime>1274367887034</updateTime>
<dataDefElementId>129</dataDefElementId>
<globalId>54_b357e248d4a3fd75993cd0c878923fd4</globalId>
<defKey>last_name</defKey>
<name>Last Name</name>
<nameRBKey/>
<description>User's Last Name</description>
<descriptionRBKey/>
<dataDefId>111</dataDefId>
<_dataDefId_globalId>52_136501fdc955a4c3e9b15dfc00df760d</_dataDefId_globalId>
<dataRow>0</dataRow>
<dataColumn>2</dataColumn>
<isEncrypted>false</isEncrypted>
<dataType>1</dataType>
<dataFormat/>
<status>1</status>
<isRequired>true</isRequired>
<nameGenScheme>0</nameGenScheme>
<nameGenParams/>
<isAutoCreated>false</isAutoCreated>
<notes/>
</VTDataDefElement>
<VTDataDefElement global_id="23_aa451e64517537fd7fc97bd289086c2c">
<createTime>1274367707001</createTime>
<updateTime>1274371594138</updateTime>
<dataDefElementId>130</dataDefElementId>
<globalId>23_aa451e64517537fd7fc97bd289086c2c</globalId>
<defKey>account_number</defKey>
<name>Account Number</name>
<nameRBKey/>
<description>Account Number</description>
<descriptionRBKey/>
<dataDefId>112</dataDefId>
<_dataDefId_globalId>21_09ccc8d91031e6b58c3d5041ee0e8a4b</_dataDefId_globalId>
<dataRow>0</dataRow>
<dataColumn>1</dataColumn>
<isEncrypted>false</isEncrypted>
<dataType>1</dataType>
<dataFormat/>
<status>1</status>
<isRequired>false</isRequired>
<nameGenScheme>0</nameGenScheme>
<nameGenParams/>
<isAutoCreated>false</isAutoCreated>
<notes/>
</VTDataDefElement>
<VTDataDefElement global_id="28_cf9fc867786fc5e83987787b0e83c9a7">
<createTime>1274367707001</createTime>
<updateTime>1274371594138</updateTime>
<dataDefElementId>131</dataDefElementId>
<globalId>28_cf9fc867786fc5e83987787b0e83c9a7</globalId>
<defKey>account_number</defKey>
<name>Account Number</name>
<nameRBKey/>
<description>Account Number</description>
<descriptionRBKey/>
<dataDefId>113</dataDefId>
<_dataDefId_globalId>26_c45d254ad6d2e5a91422f02d2083b571</_dataDefId_globalId>
<dataRow>0</dataRow>
<dataColumn>1</dataColumn>
<isEncrypted>false</isEncrypted>
<dataType>1</dataType>
<dataFormat/>
<status>1</status>
<isRequired>false</isRequired>
<nameGenScheme>0</nameGenScheme>
<nameGenParams/>
<isAutoCreated>false</isAutoCreated>
<notes/>
</VTDataDefElement>
<VTDataDefElement global_id="31_21c7ede848782b6d6e74eec9108ecfcc">
<createTime>1274367707001</createTime>
<updateTime>1274371594138</updateTime>
<dataDefElementId>132</dataDefElementId>
<globalId>31_21c7ede848782b6d6e74eec9108ecfcc</globalId>
<defKey>account_number</defKey>
<name>Account Number</name>
<nameRBKey/>
<description>Account Number</description>
<descriptionRBKey/>
<dataDefId>114</dataDefId>
<_dataDefId_globalId>29_4a702624f0c2533a2bcb70cbfb66d31f</_dataDefId_globalId>
<dataRow>0</dataRow>
<dataColumn>1</dataColumn>
<isEncrypted>false</isEncrypted>
<dataType>1</dataType>
<dataFormat/>
<status>1</status>
<isRequired>false</isRequired>
<nameGenScheme>0</nameGenScheme>
<nameGenParams/>
<isAutoCreated>false</isAutoCreated>
<notes/>
</VTDataDefElement>
<VTDataDefElement global_id="32_5d442a3418d88eefa89eb615506fc92f">
<createTime>1274367707001</createTime>
<updateTime>1274371594355</updateTime>
<dataDefElementId>133</dataDefElementId>
<globalId>32_5d442a3418d88eefa89eb615506fc92f</globalId>
<defKey>type</defKey>
<name>Account Type</name>
<nameRBKey/>
<description>Type of account</description>
<descriptionRBKey/>
<dataDefId>114</dataDefId>
<_dataDefId_globalId>29_4a702624f0c2533a2bcb70cbfb66d31f</_dataDefId_globalId>
<dataRow>0</dataRow>
<dataColumn>2</dataColumn>
<isEncrypted>false</isEncrypted>
<dataType>1</dataType>
<dataFormat/>
<status>1</status>
<isRequired>false</isRequired>
<nameGenScheme>0</nameGenScheme>
<nameGenParams/>
<isAutoCreated>false</isAutoCreated>
<notes/>
</VTDataDefElement>
</OAAM>
