<?xml version="1.0" encoding="UTF-8" standalone="no"?>
<OAAM>
<VTEntityDef global_id="33_d53917e24d1fe8395fa895529d546aeb">
<createTime>1274367707001</createTime>
<updateTime>1274367707001</updateTime>
<entityDefId>101</entityDefId>
<globalId>33_d53917e24d1fe8395fa895529d546aeb</globalId>
<name>Destination Account</name>
<nameRBKey/>
<description>Destination Account</description>
<descriptionRBKey/>
<entityDefKey>dest_account</entityDefKey>
<status>1</status>
<keyGenScheme>1</keyGenScheme>
<keyGenParams>By Key</keyGenParams>
<nameGenScheme>4</nameGenScheme>
<nameGenParams>^</nameGenParams>
<notes/>
</VTEntityDef>
<VTEntityDef global_id="0_9fc7e35dc3c958d6c693723b49786cb5">
<createTime>1271801757530</createTime>
<updateTime>1271801757530</updateTime>
<entityDefId>1</entityDefId>
<globalId>0_9fc7e35dc3c958d6c693723b49786cb5</globalId>
<name>auth_bharosa_user</name>
<nameRBKey>tracker.transaction.auth.entity.auth_bharosa_user.label.RBKey</nameRBKey>
<description>User as entity for authentication type of operations.
Please do not modify this record.</description>
<descriptionRBKey>tracker.transaction.auth.entity.auth_bharosa_user.desc.RBKey</descriptionRBKey>
<entityDefKey>auth_bharosa_user</entityDefKey>
<status>1</status>
<keyGenScheme>1</keyGenScheme>
<keyGenParams>By Key</keyGenParams>
<nameGenScheme>4</nameGenScheme>
<nameGenParams>^</nameGenParams>
<notes/>
</VTEntityDef>
<VTEntityDef global_id="3597_581e022721aa3614666510cbda99ec10">
<createTime>1271801757530</createTime>
<updateTime>1271801757530</updateTime>
<entityDefId>2</entityDefId>
<globalId>3597_581e022721aa3614666510cbda99ec10</globalId>
<name>auth_bharosa_subgroup</name>
<nameRBKey>tracker.transaction.auth.entity.auth_bharosa_subgroup.label.RBKey</nameRBKey>
<description>Subgroup as entity for authentication type of operations.
Please do not modify this record.</description>
<descriptionRBKey>tracker.transaction.auth.entity.auth_bharosa_subgroup.desc.RBKey</descriptionRBKey>
<entityDefKey>auth_bharosa_subgroup</entityDefKey>
<status>1</status>
<keyGenScheme>1</keyGenScheme>
<keyGenParams>By Key</keyGenParams>
<nameGenScheme>4</nameGenScheme>
<nameGenParams>^</nameGenParams>
<notes/>
</VTEntityDef>
<VTEntityDef global_id="3577_38f9cf2231189999b852bc88a1aa5f12">
<createTime>1271801757530</createTime>
<updateTime>1271801757530</updateTime>
<entityDefId>3</entityDefId>
<globalId>3577_38f9cf2231189999b852bc88a1aa5f12</globalId>
<name>auth_bharosa_state</name>
<nameRBKey>tracker.transaction.auth.entity.auth_bharosa_state.label.RBKey</nameRBKey>
<description>State as entity for authentication type of operation.
Please do not modify this record.</description>
<descriptionRBKey>tracker.transaction.auth.entity.auth_bharosa_state.desc.RBKey</descriptionRBKey>
<entityDefKey>auth_bharosa_state</entityDefKey>
<status>1</status>
<keyGenScheme>1</keyGenScheme>
<keyGenParams>By Key</keyGenParams>
<nameGenScheme>4</nameGenScheme>
<nameGenParams>^</nameGenParams>
<notes/>
</VTEntityDef>
<VTEntityDef global_id="3_805cd1fba0f4c75eeeca74ffdb5b0431">
<createTime>1274367707001</createTime>
<updateTime>1274367893713</updateTime>
<entityDefId>102</entityDefId>
<globalId>3_805cd1fba0f4c75eeeca74ffdb5b0431</globalId>
<name>User</name>
<nameRBKey/>
<description>Currently Logged in User</description>
<descriptionRBKey/>
<entityDefKey>user</entityDefKey>
<status>1</status>
<keyGenScheme>2</keyGenScheme>
<keyGenParams>By Digest</keyGenParams>
<nameGenScheme>4</nameGenScheme>
<nameGenParams>^</nameGenParams>
<notes/>
</VTEntityDef>
<VTEntityDef global_id="17_1a18fb5e1c91a4c3073811584d8c785c">
<createTime>1274367707001</createTime>
<updateTime>1274367707001</updateTime>
<entityDefId>103</entityDefId>
<globalId>17_1a18fb5e1c91a4c3073811584d8c785c</globalId>
<name>Source Account</name>
<nameRBKey/>
<description>Source Account</description>
<descriptionRBKey/>
<entityDefKey>source_account</entityDefKey>
<status>1</status>
<keyGenScheme>1</keyGenScheme>
<keyGenParams>By Key</keyGenParams>
<nameGenScheme>4</nameGenScheme>
<nameGenParams>^</nameGenParams>
<notes/>
</VTEntityDef>
</OAAM>
