<?xml version="1.0" encoding="UTF-8" standalone="no"?>
<OAAM>
<VTTrxDefEntityDefMap global_id="57_bba82601d8789b08bcff5f16a4eccae2">
<createTime>1274367707001</createTime>
<updateTime>1274367707001</updateTime>
<mapId>1</mapId>
<globalId>57_bba82601d8789b08bcff5f16a4eccae2</globalId>
<name>Destination Account</name>
<nameRBKey/>
<description/>
<descriptionRBKey/>
<trxDefId>1</trxDefId>
<_trxDefId_globalId>49_20cc66894f332bea060d10be233483a6</_trxDefId_globalId>
<entityDefId>101</entityDefId>
<_entityDefId_globalId>33_d53917e24d1fe8395fa895529d546aeb</_entityDefId_globalId>
<relationType>Bill Pay Destination</relationType>
<displayOrder>3</displayOrder>
<status>1</status>
<notes/>
</VTTrxDefEntityDefMap>
<VTTrxDefEntityDefMap global_id="55_b2fc21d02de6cb4811c5c64e64761f77">
<createTime>1274367707001</createTime>
<updateTime>1274367707001</updateTime>
<mapId>2</mapId>
<globalId>55_b2fc21d02de6cb4811c5c64e64761f77</globalId>
<name>Logged In User</name>
<nameRBKey/>
<description/>
<descriptionRBKey/>
<trxDefId>1</trxDefId>
<_trxDefId_globalId>49_20cc66894f332bea060d10be233483a6</_trxDefId_globalId>
<entityDefId>102</entityDefId>
<_entityDefId_globalId>3_805cd1fba0f4c75eeeca74ffdb5b0431</_entityDefId_globalId>
<relationType>Logged In User</relationType>
<displayOrder>1</displayOrder>
<status>1</status>
<notes/>
</VTTrxDefEntityDefMap>
<VTTrxDefEntityDefMap global_id="56_288e04c96ec437167b1ef0d3699af468">
<createTime>1274367707001</createTime>
<updateTime>1274367707001</updateTime>
<mapId>3</mapId>
<globalId>56_288e04c96ec437167b1ef0d3699af468</globalId>
<name>Source Account</name>
<nameRBKey/>
<description/>
<descriptionRBKey/>
<trxDefId>1</trxDefId>
<_trxDefId_globalId>49_20cc66894f332bea060d10be233483a6</_trxDefId_globalId>
<entityDefId>103</entityDefId>
<_entityDefId_globalId>17_1a18fb5e1c91a4c3073811584d8c785c</_entityDefId_globalId>
<relationType>Bill Pay Source</relationType>
<displayOrder>2</displayOrder>
<status>1</status>
<notes/>
</VTTrxDefEntityDefMap>
</OAAM>
