<?xml version="1.0" encoding="UTF-8" standalone="no"?>
<OAAM>
<VTTranslationSourceElement global_id="96_e57d567b3bdb19001de9fd61f65a5eb9">
<createTime>1274367707001</createTime>
<updateTime>1274367707001</updateTime>
<srcElementId>1</srcElementId>
<globalId>96_e57d567b3bdb19001de9fd61f65a5eb9</globalId>
<name>Translation for Source Element : 131</name>
<nameRBKey/>
<description/>
<descriptionRBKey/>
<translationScheme>1</translationScheme>
<translationParams/>
<destMapId>2</destMapId>
<_destMapId_globalId>95_1446096781558d910903ccda41368545</_destMapId_globalId>
<srcElementDefId>104</srcElementDefId>
<_srcElementDefId_globalId>70_ce886e61ecdc04b1761cd9fcc7872f90</_srcElementDefId_globalId>
<sortOrder>1</sortOrder>
<status>1</status>
<notes/>
</VTTranslationSourceElement>
<VTTranslationSourceElement global_id="87_264149f0f5e0b82c38c9bf1c5090f0da">
<createTime>1274367707001</createTime>
<updateTime>1274367707001</updateTime>
<srcElementId>2</srcElementId>
<globalId>87_264149f0f5e0b82c38c9bf1c5090f0da</globalId>
<name>Translation for Source Element : 128</name>
<nameRBKey/>
<description/>
<descriptionRBKey/>
<translationScheme>1</translationScheme>
<translationParams/>
<destMapId>4</destMapId>
<_destMapId_globalId>86_dcd986927679ededbe1e0476bdf12ee7</_destMapId_globalId>
<srcElementDefId>105</srcElementDefId>
<_srcElementDefId_globalId>67_a21662ca5c4b58a18dde2b2e615f4e31</_srcElementDefId_globalId>
<sortOrder>1</sortOrder>
<status>1</status>
<notes/>
</VTTranslationSourceElement>
<VTTranslationSourceElement global_id="85_32ab9f11ac156a959d4aa7409672bee7">
<createTime>1274367707001</createTime>
<updateTime>1274367707001</updateTime>
<srcElementId>3</srcElementId>
<globalId>85_32ab9f11ac156a959d4aa7409672bee7</globalId>
<name>Translation for Source Element : 127</name>
<nameRBKey/>
<description/>
<descriptionRBKey/>
<translationScheme>1</translationScheme>
<translationParams/>
<destMapId>5</destMapId>
<_destMapId_globalId>84_cb6426f1b47456ee4c1f56c62f53de0c</_destMapId_globalId>
<srcElementDefId>109</srcElementDefId>
<_srcElementDefId_globalId>66_a7bc6704c2008090e2e92e824f3c5ac9</_srcElementDefId_globalId>
<sortOrder>1</sortOrder>
<status>1</status>
<notes/>
</VTTranslationSourceElement>
<VTTranslationSourceElement global_id="89_90c34d04171c656aa154b3214e26fa95">
<createTime>1274367707001</createTime>
<updateTime>1274367707001</updateTime>
<srcElementId>4</srcElementId>
<globalId>89_90c34d04171c656aa154b3214e26fa95</globalId>
<name>Translation for Source Element : 129</name>
<nameRBKey/>
<description/>
<descriptionRBKey/>
<translationScheme>1</translationScheme>
<translationParams/>
<destMapId>6</destMapId>
<_destMapId_globalId>88_ba65332cdd3f9599da40e942807fff2b</_destMapId_globalId>
<srcElementDefId>110</srcElementDefId>
<_srcElementDefId_globalId>68_eda19bc2516f2019603520537386108b</_srcElementDefId_globalId>
<sortOrder>1</sortOrder>
<status>1</status>
<notes/>
</VTTranslationSourceElement>
<VTTranslationSourceElement global_id="75_e788bfeb980351a104e8f491487b493b">
<createTime>1274367707001</createTime>
<updateTime>1274367707001</updateTime>
<srcElementId>5</srcElementId>
<globalId>75_e788bfeb980351a104e8f491487b493b</globalId>
<name>Translation for Source Element : 133</name>
<nameRBKey/>
<description/>
<descriptionRBKey/>
<translationScheme>1</translationScheme>
<translationParams/>
<destMapId>7</destMapId>
<_destMapId_globalId>74_5f7339b78816d60c604c7686b1d9c0ac</_destMapId_globalId>
<srcElementDefId>107</srcElementDefId>
<_srcElementDefId_globalId>72_029c0b714e33988e37bd1684ed558241</_srcElementDefId_globalId>
<sortOrder>1</sortOrder>
<status>1</status>
<notes/>
</VTTranslationSourceElement>
<VTTranslationSourceElement global_id="78_9af6d0b4a8ba6c95e263990f3dcdd0fe">
<createTime>1274367707001</createTime>
<updateTime>1274367707001</updateTime>
<srcElementId>6</srcElementId>
<globalId>78_9af6d0b4a8ba6c95e263990f3dcdd0fe</globalId>
<name>Translation for Source Element : 124</name>
<nameRBKey/>
<description/>
<descriptionRBKey/>
<translationScheme>1</translationScheme>
<translationParams/>
<destMapId>8</destMapId>
<_destMapId_globalId>77_a91a64c55f5c5c9f7c761652f5a986ee</_destMapId_globalId>
<srcElementDefId>112</srcElementDefId>
<_srcElementDefId_globalId>63_1dec411bad6980a7c1266bbbf3614293</_srcElementDefId_globalId>
<sortOrder>1</sortOrder>
<status>1</status>
<notes/>
</VTTranslationSourceElement>
<VTTranslationSourceElement global_id="80_976a459588a6d5108786288d2b8b3d19">
<createTime>1274367707001</createTime>
<updateTime>1274367707001</updateTime>
<srcElementId>7</srcElementId>
<globalId>80_976a459588a6d5108786288d2b8b3d19</globalId>
<name>Translation for Source Element : 125</name>
<nameRBKey/>
<description/>
<descriptionRBKey/>
<translationScheme>1</translationScheme>
<translationParams/>
<destMapId>9</destMapId>
<_destMapId_globalId>79_e83db25150ac25be17729943358b7e72</_destMapId_globalId>
<srcElementDefId>108</srcElementDefId>
<_srcElementDefId_globalId>64_df1ca0cc736817d0c55dfa6705d85c3c</_srcElementDefId_globalId>
<sortOrder>1</sortOrder>
<status>1</status>
<notes/>
</VTTranslationSourceElement>
<VTTranslationSourceElement global_id="82_d3c355cbde0f37d074a3e35a1f477502">
<createTime>1274367707001</createTime>
<updateTime>1274367707001</updateTime>
<srcElementId>8</srcElementId>
<globalId>82_d3c355cbde0f37d074a3e35a1f477502</globalId>
<name>Translation for Source Element : 126</name>
<nameRBKey/>
<description/>
<descriptionRBKey/>
<translationScheme>1</translationScheme>
<translationParams/>
<destMapId>10</destMapId>
<_destMapId_globalId>81_93982ecc2cb01526389eaf2b061c20e9</_destMapId_globalId>
<srcElementDefId>113</srcElementDefId>
<_srcElementDefId_globalId>65_00d1f176ea44d7140b1bf679c88c711d</_srcElementDefId_globalId>
<sortOrder>1</sortOrder>
<status>1</status>
<notes/>
</VTTranslationSourceElement>
<VTTranslationSourceElement global_id="6_11bce731ba79ae15fca3c846c1dcef10">
<createTime>1274368014298</createTime>
<updateTime>1274368014298</updateTime>
<srcElementId>11</srcElementId>
<globalId>6_11bce731ba79ae15fca3c846c1dcef10</globalId>
<name>Translation for Source Element : 135</name>
<nameRBKey/>
<description/>
<descriptionRBKey/>
<translationScheme>1</translationScheme>
<translationParams/>
<destMapId>11</destMapId>
<_destMapId_globalId>5_83d62092d907c4ce25ccdce10c3d5fff</_destMapId_globalId>
<srcElementDefId>135</srcElementDefId>
<_srcElementDefId_globalId>4_9422c076e6b1751b5f82fc58276bf7eb</_srcElementDefId_globalId>
<sortOrder>1</sortOrder>
<status>1</status>
<notes/>
</VTTranslationSourceElement>
<VTTranslationSourceElement global_id="94_8d71b9a57714df469592e3b3ffec82d1">
<createTime>1274367707001</createTime>
<updateTime>1274367707001</updateTime>
<srcElementId>9</srcElementId>
<globalId>94_8d71b9a57714df469592e3b3ffec82d1</globalId>
<name>Translation for Source Element : 130</name>
<nameRBKey/>
<description/>
<descriptionRBKey/>
<translationScheme>1</translationScheme>
<translationParams/>
<destMapId>1</destMapId>
<_destMapId_globalId>93_27c425dca8fe3e6dcd49540c00d44644</_destMapId_globalId>
<srcElementDefId>106</srcElementDefId>
<_srcElementDefId_globalId>69_42678d326b1d5b8955935e8906fb7574</_srcElementDefId_globalId>
<sortOrder>1</sortOrder>
<status>1</status>
<notes/>
</VTTranslationSourceElement>
<VTTranslationSourceElement global_id="98_a0fd51cfadd4827bfd148d089227cc06">
<createTime>1274367707001</createTime>
<updateTime>1274367707001</updateTime>
<srcElementId>10</srcElementId>
<globalId>98_a0fd51cfadd4827bfd148d089227cc06</globalId>
<name>Translation for Source Element : 132</name>
<nameRBKey/>
<description/>
<descriptionRBKey/>
<translationScheme>1</translationScheme>
<translationParams/>
<destMapId>3</destMapId>
<_destMapId_globalId>97_e2a441c346177f2bf23e79e2438dfdf7</_destMapId_globalId>
<srcElementDefId>111</srcElementDefId>
<_srcElementDefId_globalId>71_1b7c6cbffc38a87b40c9e8cf25b317ac</_srcElementDefId_globalId>
<sortOrder>1</sortOrder>
<status>1</status>
<notes/>
</VTTranslationSourceElement>
</OAAM>
