<?xml version="1.0" encoding="UTF-8" standalone="no"?>
<OAAM>
<VTTrxInputDef global_id="50_742d4d6beaceb10f7138040717f88ee8">
<createTime>1274367707001</createTime>
<updateTime>1274368019499</updateTime>
<trxDefId>1</trxDefId>
<globalId>50_742d4d6beaceb10f7138040717f88ee8</globalId>
<name>Trx Input Def for the TransactionDef: bill_pay</name>
<nameRBKey/>
<description>Trx Input Def for the TransactionDef</description>
<descriptionRBKey/>
<trxDefKey>bill_pay</trxDefKey>
<status>1</status>
<notes/>
</VTTrxInputDef>
</OAAM>
