<?xml version="1.0" encoding="UTF-8"?>

<rule>
  <Name>USER: Velocity from last successful login</Name>
  <NameRBKey>bharosa.tracker.ruleTemplate.user_login_velocity.name.RBKey</NameRBKey>
  <GlobalId>user_login_velocity</GlobalId>
  <VersionId/>
  <MinCompatVersion>10.1.4.5</MinCompatVersion>
  <MaxCompatVersion>10.1.4.5</MaxCompatVersion>
  <Description>Velocity from last successful login</Description>
  <DescriptionRBKey>bharosa.tracker.ruleTemplate.user_login_velocity.description.RBKey</DescriptionRBKey>
  <Type>4</Type>
  <Status>1</Status>
  <Metadata>&lt;![CDATA[NEW_RULE_TEMPLATE]]&gt;</Metadata>
  <Filedata><![CDATA[
<rule name="USER: Velocity from last successful login" no-loop="true" salience="100"><parameter identifier="trackerSession"><class>VCryptTrackerSession</class></parameter><parameter identifier="trackerUser"><class>VCryptTrackerUser</class></parameter><parameter identifier="trackerDevice"><class>VCryptTrackerDevice</class></parameter><parameter identifier="trackerLocation"><class>VCryptTrackerLocation</class></parameter><parameter identifier="trackerTransaction"><class>VCryptTrackerTransaction</class></parameter><parameter identifier="trackerAutoLearning"><class>VCryptTrackerAutoLearning</class></parameter><parameter identifier="deviceData"><class>DeviceData</class></parameter><java:condition>trackerUser.milesPerHourFromLastValidLogin(ignoreIfDeviceIsSame)&gt;milesPerHour.longValue()</java:condition><java:consequence>RuleProcessor.processRule(ruleInstance, result, trackerSession);</java:consequence></rule>]]></Filedata>
  <ConditionMapList>
    <ConditionMap>
      <GlobalId>user_login_velocity___.___user_login_velocity.condition0</GlobalId>
      <ConditionGlobalId>user_login_velocity.condition0</ConditionGlobalId>
      <IsPrecondition>false</IsPrecondition>
      <DisplayOrder>1</DisplayOrder>
      <ExecutionOrder>1</ExecutionOrder>
      <CustomizedParamList>
        <CustomizedParam>
          <ParamGlobalId>user_login_velocity.condition0.param.milesPerHour</ParamGlobalId>
          <DefaultValue>60</DefaultValue>
          <Description/>
          <DescriptionRBKey/>
          <Name>milesPerHour</Name>
          <ParamNameRBKey/>
          <PromptLabel>Miles per Hour is more than</PromptLabel>
          <PromptLabelRBKey/>
        </CustomizedParam>
        <CustomizedParam>
          <ParamGlobalId>user_login_velocity.condition0.param.ignoreIfDeviceIsSame</ParamGlobalId>
          <DefaultValue>true</DefaultValue>
          <Description/>
          <DescriptionRBKey/>
          <Name>ignoreIfDeviceIsSame</Name>
          <ParamNameRBKey/>
          <PromptLabel>ignore if last login device is same</PromptLabel>
          <PromptLabelRBKey/>
        </CustomizedParam>
      </CustomizedParamList>
    </ConditionMap>
  </ConditionMapList>
</rule>
