<?xml version="1.0" encoding="UTF-8"?>

<rule>
  <Name>USER: Country first time for user</Name>
  <NameRBKey>bharosa.tracker.ruleTemplate.user_first_time_country.name.RBKey</NameRBKey>
  <GlobalId>user_first_time_country</GlobalId>
  <VersionId/>
  <MinCompatVersion>10.1.4.5</MinCompatVersion>
  <MaxCompatVersion>10.1.4.5</MaxCompatVersion>
  <Description>Is the user using this Country for the first time</Description>
  <DescriptionRBKey>bharosa.tracker.ruleTemplate.user_first_time_country.description.RBKey</DescriptionRBKey>
  <Type>4</Type>
  <Status>1</Status>
  <Metadata>&lt;![CDATA[NEW_RULE_TEMPLATE]]&gt;</Metadata>
  <Filedata><![CDATA[
<rule name="USER: Country first time for user" no-loop="true" salience="100"><parameter identifier="trackerSession"><class>VCryptTrackerSession</class></parameter><parameter identifier="trackerUser"><class>VCryptTrackerUser</class></parameter><parameter identifier="trackerDevice"><class>VCryptTrackerDevice</class></parameter><parameter identifier="trackerLocation"><class>VCryptTrackerLocation</class></parameter><parameter identifier="trackerTransaction"><class>VCryptTrackerTransaction</class></parameter><parameter identifier="trackerAutoLearning"><class>VCryptTrackerAutoLearning</class></parameter><parameter identifier="deviceData"><class>DeviceData</class></parameter><java:condition>(!isInList.booleanValue()&amp;&amp;!trackerLocation.isInCountry(listId)) || (isInList.booleanValue()&amp;&amp;trackerLocation.isInCountry(listId))</java:condition><java:condition>trackerUser.isCountryFirstTime(is.booleanValue())</java:condition><java:consequence>RuleProcessor.processRule(ruleInstance, result, trackerSession);</java:consequence></rule>]]></Filedata>
  <ConditionMapList>
    <ConditionMap>
      <GlobalId>user_first_time_country___.___user_first_time_country.condition0</GlobalId>
      <ConditionGlobalId>country_in_list.condition0</ConditionGlobalId>
      <IsPrecondition>false</IsPrecondition>
      <DisplayOrder>1</DisplayOrder>
      <ExecutionOrder>1</ExecutionOrder>
      <CustomizedParamList>
        <CustomizedParam>
          <ParamGlobalId>country_in_list.condition0.param.is_in_list</ParamGlobalId>
          <DefaultValue>false</DefaultValue>
          <Description/>
          <DescriptionRBKey/>
          <Name>isInList</Name>
          <ParamNameRBKey/>
          <PromptLabel>Is in Group</PromptLabel>
          <PromptLabelRBKey/>
        </CustomizedParam>
        <CustomizedParam>
          <ParamGlobalId>country_in_list.condition0.param.list_id</ParamGlobalId>
          <DefaultValue/>
          <Description/>
          <DescriptionRBKey/>
          <Name>listId</Name>
          <ParamNameRBKey/>
          <PromptLabel>Country in country group</PromptLabel>
          <PromptLabelRBKey/>
        </CustomizedParam>
      </CustomizedParamList>
    </ConditionMap>
    <ConditionMap>
      <GlobalId>user_first_time_country___.___user_first_time_country.condition1</GlobalId>
      <ConditionGlobalId>user_first_time_country.condition1</ConditionGlobalId>
      <IsPrecondition>false</IsPrecondition>
      <DisplayOrder>2</DisplayOrder>
      <ExecutionOrder>2</ExecutionOrder>
      <CustomizedParamList>
        <CustomizedParam>
          <ParamGlobalId>user_first_time_country.condition1.param.is</ParamGlobalId>
          <DefaultValue>true</DefaultValue>
          <Description/>
          <DescriptionRBKey/>
          <Name>is</Name>
          <ParamNameRBKey/>
          <PromptLabel>Is Firsttime?</PromptLabel>
          <PromptLabelRBKey/>
        </CustomizedParam>
      </CustomizedParamList>
    </ConditionMap>
  </ConditionMapList>
</rule>
