<?xml version="1.0" encoding="UTF-8"?>

<Condition global_id="country_in_list.condition0">
  <Name>LOCATION: In Country group</Name>
  <NameRBKey>tracker.rule.condition.country_in_list.condition0.name.RBKey</NameRBKey>
  <Description>If the IP is in the given country group</Description>
  <DescriptionRBKey>tracker.rule.condition.country_in_list.condition0.description.RBKey</DescriptionRBKey>
  <version>10.1.4.5</version>
  <ConditionType>location</ConditionType>
  <RuleCondition>
    <java:condition>(!isInList.booleanValue()&amp;&amp;!trackerLocation.isInCountry(listId)) || (isInList.booleanValue()&amp;&amp;trackerLocation.isInCountry(listId))</java:condition>
  </RuleCondition>
  <TypeList>
    <Type>user</Type>
    <Type>device</Type>
    <Type>location</Type>
    <Type>session</Type>
  </TypeList>
  <Params>
    <Param global_id="country_in_list.condition0.param.is_in_list">
      <Name>isInList</Name>
      <NameRBKey>tracker.rule.condition.param.is_in_list.label.RBKey</NameRBKey>
      <Description/>
      <DescriptionRBKey>tracker.rule.condition.param.is_in_list.description.RBKey</DescriptionRBKey>
      <Label>Is in Group</Label>
      <LabelRBKey>tracker.rule.condition.param.country_in_list.condition0.param.is_in_list.label.RBKey</LabelRBKey>
      <Default>false</Default>
      <JavaClass>java.lang.Boolean</JavaClass>
      <ValueType>value.type.enum.boolean</ValueType>
      <ValueSubType/>
      <Validations/>
      <Notes/>
      <ParamOrder>1</ParamOrder>
    </Param>
    <Param global_id="country_in_list.condition0.param.list_id">
      <Name>listId</Name>
      <NameRBKey>tracker.rule.condition.param.list_id.label.RBKey</NameRBKey>
      <Description/>
      <DescriptionRBKey>tracker.rule.condition.param.list_id.description.RBKey</DescriptionRBKey>
      <Label>Country in country group</Label>
      <LabelRBKey>tracker.rule.condition.param.country_in_list.condition0.param.list_id.label.RBKey</LabelRBKey>
      <Default/>
      <JavaClass>java.lang.Long</JavaClass>
      <ValueType>value.type.enum.list</ValueType>
      <ValueSubType>value.list.type.enum.countries</ValueSubType>
      <Validations/>
      <Notes/>
      <ParamOrder>2</ParamOrder>
    </Param>
  </Params>
</Condition>
