<?xml version="1.0" encoding="UTF-8"?>

<Condition global_id="user_first_time_country.condition1">
  <Name>USER: Country firsttime for user</Name>
  <NameRBKey>tracker.rule.condition.user_first_time_country.condition1.name.RBKey</NameRBKey>
  <Description>Is the user using this Country for the firsttime</Description>
  <DescriptionRBKey>tracker.rule.condition.user_first_time_country.condition1.description.RBKey</DescriptionRBKey>
  <version>10.1.4.5</version>
  <ConditionType>user</ConditionType>
  <RuleCondition>
    <java:condition>trackerUser.isCountryFirstTime(is.booleanValue())</java:condition>
  </RuleCondition>
  <TypeList>
    <Type>user</Type>
    <Type>device</Type>
    <Type>location</Type>
    <Type>session</Type>
  </TypeList>
  <Params>
    <Param global_id="user_first_time_country.condition1.param.is">
      <Name>is</Name>
      <NameRBKey>tracker.rule.condition.param.is.label.RBKey</NameRBKey>
      <Description/>
      <DescriptionRBKey>tracker.rule.condition.param.is.description.RBKey</DescriptionRBKey>
      <Label>Is Firsttime?</Label>
      <LabelRBKey>tracker.rule.condition.param.user_first_time_country.condition1.param.is.label.RBKey</LabelRBKey>
      <Default>true</Default>
      <JavaClass>java.lang.Boolean</JavaClass>
      <ValueType>value.type.enum.boolean</ValueType>
      <ValueSubType/>
      <Validations/>
      <Notes/>
      <ParamOrder>1</ParamOrder>
    </Param>
  </Params>
</Condition>
