<?xml version="1.0" encoding="UTF-8"?>

<Condition global_id="check_current_transaction_using_filter_condition">
  <Name>TRANSACTION: Check Current Transaction using the filter conditions</Name>
  <NameRBKey>check_current_transaction_using_filter_condition.name.RBKey</NameRBKey>
  <Description>Check Current Transaction using filter conditions</Description>
  <DescriptionRBKey>check_current_transaction_using_filter_condition.description.RBKey</DescriptionRBKey>
  <version>10.1.4.5</version>
  <ConditionType>in_session</ConditionType>
  <RuleCondition>
    <java:condition>trackerTransaction.checkCurrentTransaction(trxDefKey, com.bharosa.vcrypt.tracker.rules.filter.FilterExpr.getFilter(new com.bharosa.vcrypt.tracker.rules.filter.Filter[]{ new com.bharosa.vcrypt.tracker.rules.filter.Filter(filter1Key, filter1Condition),new com.bharosa.vcrypt.tracker.rules.filter.Filter(filter2Key, filter2Condition), new com.bharosa.vcrypt.tracker.rules.filter.Filter(filter3Key, filter3Condition),new com.bharosa.vcrypt.tracker.rules.filter.Filter(filter4Key, filter4Condition), new com.bharosa.vcrypt.tracker.rules.filter.Filter(filter5Key, filter5Condition),new com.bharosa.vcrypt.tracker.rules.filter.Filter(filter6Key, filter6Condition) }))</java:condition>
  </RuleCondition>
  <TypeList>
    <Type>user</Type>
    <Type>device</Type>
    <Type>location</Type>
    <Type>session</Type>
  </TypeList>
  <Params>
    <Param global_id="check_current_transaction_using_filter_condition.param.trxDefKey">
      <Name>trxDefKey</Name>
      <NameRBKey>tracker.rule.condition.param.trxDefKey.name.RBKey</NameRBKey>
      <Description>Transaction</Description>
      <DescriptionRBKey>tracker.rule.condition.param.trxDefKey.description.RBKey</DescriptionRBKey>
      <Label>Select Transaction to check</Label>
      <LabelRBKey>tracker.rule.condition.param.trxDefKey.label.RBKey</LabelRBKey>
      <Default/>
      <JavaClass>java.lang.String</JavaClass>
      <ValueType>value.type.enum.enums</ValueType>
      <ValueSubType>tracker.transaction.type.enum</ValueSubType>
      <Validations/>
      <Notes/>
      <ParamOrder>1</ParamOrder>
    </Param>
    <Param global_id="check_current_transaction_using_filter_condition.param.filter1Key">
      <Name>filter1Key</Name>
      <NameRBKey>tracker.rule.check_current_transaction_using_filter_condition.param.filter1Key.name.RBKey</NameRBKey>
      <Description>Filter Key</Description>
      <DescriptionRBKey>tracker.rule.check_current_transaction_using_filter_condition.param.filter1Key.description.RBKey</DescriptionRBKey>
      <Label>Check if</Label>
      <LabelRBKey>tracker.rule.check_current_transaction_using_filter_condition.param.filter1Key.label.RBKey</LabelRBKey>
      <Default/>
      <JavaClass>java.lang.String</JavaClass>
      <ValueType>value.type.enum.enums</ValueType>
      <ValueSubType>tracker.filter.transaction.all.enum</ValueSubType>
      <Validations/>
      <Notes/>
      <ParamOrder>2</ParamOrder>
    </Param>
    <Param global_id="check_current_transaction_using_filter_condition.param.filter1Condition">
      <Name>filter1Condition</Name>
      <NameRBKey>tracker.rule.condition.param.filter1Condition.name.RBKey</NameRBKey>
      <Description>Filter Condition</Description>
      <DescriptionRBKey>tracker.rule.condition.param.filter1Condition.description.RBKey</DescriptionRBKey>
      <Label>Condition</Label>
      <LabelRBKey>tracker.rule.condition.param.filter1Condition.label.RBKey</LabelRBKey>
      <Default/>
      <JavaClass>java.lang.String</JavaClass>
      <ValueType>value.type.enum.enums</ValueType>
      <ValueSubType>tracker.filter.condition.enum</ValueSubType>
      <Validations/>
      <Notes/>
      <ParamOrder>3</ParamOrder>
    </Param>
    <Param global_id="check_current_transaction_using_filter_condition.param.filter2Key">
      <Name>filter2Key</Name>
      <NameRBKey>tracker.rule.condition.param.filter2Key.name.RBKey</NameRBKey>
      <Description>Filter Key</Description>
      <DescriptionRBKey>tracker.rule.condition.param.filter2Key.description.RBKey</DescriptionRBKey>
      <Label>and</Label>
      <LabelRBKey>tracker.rule.condition.param.filter2Key.label.RBKey</LabelRBKey>
      <Default/>
      <JavaClass>java.lang.String</JavaClass>
      <ValueType>value.type.enum.enums</ValueType>
      <ValueSubType>tracker.filter.transaction.all.enum</ValueSubType>
      <Validations/>
      <Notes/>
      <ParamOrder>4</ParamOrder>
    </Param>
    <Param global_id="check_current_transaction_using_filter_condition.param.filter2Condition">
      <Name>filter2Condition</Name>
      <NameRBKey>tracker.rule.condition.param.filter2Condition.name.RBKey</NameRBKey>
      <Description>Filter Condition</Description>
      <DescriptionRBKey>tracker.rule.condition.param.filter2Condition.description.RBKey</DescriptionRBKey>
      <Label>Condition</Label>
      <LabelRBKey>tracker.rule.condition.param.filter2Condition.label.RBKey</LabelRBKey>
      <Default/>
      <JavaClass>java.lang.String</JavaClass>
      <ValueType>value.type.enum.enums</ValueType>
      <ValueSubType>tracker.filter.condition.enum</ValueSubType>
      <Validations/>
      <Notes/>
      <ParamOrder>5</ParamOrder>
    </Param>
    <Param global_id="check_current_transaction_using_filter_condition.param.filter3Key">
      <Name>filter3Key</Name>
      <NameRBKey>tracker.rule.condition.param.filter3Key.name.RBKey</NameRBKey>
      <Description>Filter Key</Description>
      <DescriptionRBKey>tracker.rule.condition.param.filter3Key.description.RBKey</DescriptionRBKey>
      <Label>and</Label>
      <LabelRBKey>tracker.rule.condition.param.filter3Key.label.RBKey</LabelRBKey>
      <Default/>
      <JavaClass>java.lang.String</JavaClass>
      <ValueType>value.type.enum.enums</ValueType>
      <ValueSubType>tracker.filter.transaction.all.enum</ValueSubType>
      <Validations/>
      <Notes/>
      <ParamOrder>6</ParamOrder>
    </Param>
    <Param global_id="check_current_transaction_using_filter_condition.param.filter3Condition">
      <Name>filter3Condition</Name>
      <NameRBKey>tracker.rule.condition.param.filter3Condition.name.RBKey</NameRBKey>
      <Description>Filter Condition</Description>
      <DescriptionRBKey>tracker.rule.condition.param.filter3Condition.description.RBKey</DescriptionRBKey>
      <Label>Condition</Label>
      <LabelRBKey>tracker.rule.condition.param.filter3Condition.label.RBKey</LabelRBKey>
      <Default/>
      <JavaClass>java.lang.String</JavaClass>
      <ValueType>value.type.enum.enums</ValueType>
      <ValueSubType>tracker.filter.condition.enum</ValueSubType>
      <Validations/>
      <Notes/>
      <ParamOrder>7</ParamOrder>
    </Param>
    <Param global_id="check_current_transaction_using_filter_condition.param.filter4Key">
      <Name>filter4Key</Name>
      <NameRBKey>tracker.rule.condition.param.filter4Key.name.RBKey</NameRBKey>
      <Description>Filter Key</Description>
      <DescriptionRBKey>tracker.rule.condition.param.filter4Key.description.RBKey</DescriptionRBKey>
      <Label>and</Label>
      <LabelRBKey>tracker.rule.condition.param.filter4Key.label.RBKey</LabelRBKey>
      <Default/>
      <JavaClass>java.lang.String</JavaClass>
      <ValueType>value.type.enum.enums</ValueType>
      <ValueSubType>tracker.filter.transaction.all.enum</ValueSubType>
      <Validations/>
      <Notes/>
      <ParamOrder>8</ParamOrder>
    </Param>
    <Param global_id="check_current_transaction_using_filter_condition.param.filter4Condition">
      <Name>filter4Condition</Name>
      <NameRBKey>tracker.rule.condition.param.filter4Condition.name.RBKey</NameRBKey>
      <Description>Filter Condition</Description>
      <DescriptionRBKey>tracker.rule.condition.param.filter4Condition.description.RBKey</DescriptionRBKey>
      <Label>Condition</Label>
      <LabelRBKey>tracker.rule.condition.param.filter4Condition.label.RBKey</LabelRBKey>
      <Default/>
      <JavaClass>java.lang.String</JavaClass>
      <ValueType>value.type.enum.enums</ValueType>
      <ValueSubType>tracker.filter.condition.enum</ValueSubType>
      <Validations/>
      <Notes/>
      <ParamOrder>9</ParamOrder>
    </Param>
    <Param global_id="check_current_transaction_using_filter_condition.param.filter5Key">
      <Name>filter5Key</Name>
      <NameRBKey>tracker.rule.condition.param.filter5Key.name.RBKey</NameRBKey>
      <Description>Filter Key</Description>
      <DescriptionRBKey>tracker.rule.condition.param.filter5Key.description.RBKey</DescriptionRBKey>
      <Label>and</Label>
      <LabelRBKey>tracker.rule.condition.param.filter5Key.label.RBKey</LabelRBKey>
      <Default/>
      <JavaClass>java.lang.String</JavaClass>
      <ValueType>value.type.enum.enums</ValueType>
      <ValueSubType>tracker.filter.transaction.all.enum</ValueSubType>
      <Validations/>
      <Notes/>
      <ParamOrder>10</ParamOrder>
    </Param>
    <Param global_id="check_current_transaction_using_filter_condition.param.filter5Condition">
      <Name>filter5Condition</Name>
      <NameRBKey>tracker.rule.condition.param.filter5Condition.name.RBKey</NameRBKey>
      <Description>Filter Condition</Description>
      <DescriptionRBKey>tracker.rule.condition.param.filter5Condition.description.RBKey</DescriptionRBKey>
      <Label>Condition</Label>
      <LabelRBKey>tracker.rule.condition.param.filter5Condition.label.RBKey</LabelRBKey>
      <Default/>
      <JavaClass>java.lang.String</JavaClass>
      <ValueType>value.type.enum.enums</ValueType>
      <ValueSubType>tracker.filter.condition.enum</ValueSubType>
      <Validations/>
      <Notes/>
      <ParamOrder>11</ParamOrder>
    </Param>
    <Param global_id="check_current_transaction_using_filter_condition.param.filter6Key">
      <Name>filter6Key</Name>
      <NameRBKey>tracker.rule.condition.param.filter6Key.name.RBKey</NameRBKey>
      <Description>Filter Key</Description>
      <DescriptionRBKey>tracker.rule.condition.param.filter6Key.description.RBKey</DescriptionRBKey>
      <Label>and</Label>
      <LabelRBKey>tracker.rule.condition.param.filter6Key.label.RBKey</LabelRBKey>
      <Default/>
      <JavaClass>java.lang.String</JavaClass>
      <ValueType>value.type.enum.enums</ValueType>
      <ValueSubType>tracker.filter.transaction.all.enum</ValueSubType>
      <Validations/>
      <Notes/>
      <ParamOrder>12</ParamOrder>
    </Param>
    <Param global_id="check_current_transaction_using_filter_condition.param.filter6Condition">
      <Name>filter6Condition</Name>
      <NameRBKey>tracker.rule.condition.param.filter6Condition.name.RBKey</NameRBKey>
      <Description>Filter Condition</Description>
      <DescriptionRBKey>tracker.rule.condition.param.filter6Condition.description.RBKey</DescriptionRBKey>
      <Label>Condition</Label>
      <LabelRBKey>tracker.rule.condition.param.filter6Condition.label.RBKey</LabelRBKey>
      <Default/>
      <JavaClass>java.lang.String</JavaClass>
      <ValueType>value.type.enum.enums</ValueType>
      <ValueSubType>tracker.filter.condition.enum</ValueSubType>
      <Validations/>
      <Notes/>
      <ParamOrder>13</ParamOrder>
    </Param>
  </Params>
</Condition>
