<?xml version="1.0" encoding="UTF-8"?>

<Condition global_id="transaction_check_param_value.condition0">
  <Name>Session: Check param value</Name>
  <NameRBKey>tracker.rule.condition.transaction_check_param_value.condition0.name.RBKey</NameRBKey>
  <Description>Check to see if specified parameter value is more than specified value</Description>
  <DescriptionRBKey>tracker.rule.condition.transaction_check_param_value.condition0.description.RBKey</DescriptionRBKey>
  <version>10.1.4.5</version>
  <ConditionType>in_session</ConditionType>
  <RuleCondition>
    <java:condition>( valueKey != null&amp;&amp;valAbove != null&amp;&amp;( (!is.booleanValue()&amp;&amp;trackerTransaction.getDoubleValue(valueKey)&lt;= valAbove.longValue()) || ( is.booleanValue()&amp;&amp;trackerTransaction.getDoubleValue(valueKey)&gt;valAbove.longValue()) ) )</java:condition>
  </RuleCondition>
  <TypeList>
    <Type>user</Type>
    <Type>device</Type>
    <Type>location</Type>
    <Type>session</Type>
  </TypeList>
  <Params>
    <Param global_id="transaction_check_param_value.condition0.param.is">
      <Name>is</Name>
      <NameRBKey>tracker.rule.condition.param.is.label.RBKey</NameRBKey>
      <Description/>
      <DescriptionRBKey>tracker.rule.condition.param.is.description.RBKey</DescriptionRBKey>
      <Label>Is</Label>
      <LabelRBKey>tracker.rule.condition.param.transaction_check_param_value.condition0.param.is.label.RBKey</LabelRBKey>
      <Default>true</Default>
      <JavaClass>java.lang.Boolean</JavaClass>
      <ValueType>value.type.enum.boolean</ValueType>
      <ValueSubType/>
      <Validations/>
      <Notes/>
      <ParamOrder>1</ParamOrder>
    </Param>
    <Param global_id="transaction_check_param_value.condition0.param.value_key">
      <Name>valueKey</Name>
      <NameRBKey>tracker.rule.condition.param.value_key.label.RBKey</NameRBKey>
      <Description/>
      <DescriptionRBKey>tracker.rule.condition.param.value_key.description.RBKey</DescriptionRBKey>
      <Label>Parameter Key</Label>
      <LabelRBKey>tracker.rule.condition.param.transaction_check_param_value.condition0.param.value_key.label.RBKey</LabelRBKey>
      <Default>value</Default>
      <JavaClass>java.lang.String</JavaClass>
      <ValueType>value.type.enum.string</ValueType>
      <ValueSubType/>
      <Validations/>
      <Notes/>
      <ParamOrder>2</ParamOrder>
    </Param>
    <Param global_id="transaction_check_param_value.condition0.param.value_above">
      <Name>valAbove</Name>
      <NameRBKey>tracker.rule.condition.param.value_above.label.RBKey</NameRBKey>
      <Description/>
      <DescriptionRBKey>tracker.rule.condition.param.value_above.description.RBKey</DescriptionRBKey>
      <Label>Value Above</Label>
      <LabelRBKey>tracker.rule.condition.param.transaction_check_param_value.condition0.param.value_above.label.RBKey</LabelRBKey>
      <Default/>
      <JavaClass>java.lang.Long</JavaClass>
      <ValueType>value.type.enum.long</ValueType>
      <ValueSubType/>
      <Validations/>
      <Notes/>
      <ParamOrder>3</ParamOrder>
    </Param>
  </Params>
</Condition>
