<?xml version="1.0" encoding="UTF-8" standalone="no"?>
<List GlobalId="55_3715ca396bbc7ea409cd2b0e3c0bea64" date="2012-07-31 22:25:48 -0500" type="alerts">
   <name><![CDATA[User First Time in Country Alert]]></name>
   <cacheType><![CDATA[full]]></cacheType>
   <notes><![CDATA[User First Time in Country Alert]]></notes>
   <replace>
      <value>
         <alert createTime="2012-02-29 14:53:26 -0600" templateId="1520" updateTime="2012-02-29 14:53:26 -0600">
            <type>fraud</type>
            <level>medium</level>
            <message>User First Time in Country Alert</message>
            <alertNotes/>
         </alert>
      </value>
   </replace>
</List>
