<?xml version="1.0" encoding="UTF-8" standalone="no"?>
<List GlobalId="73_0864e104b6203aa60872eca3af5803bb" date="2012-07-31 22:25:48 -0500" type="alerts">
   <name><![CDATA[Restricted Country]]></name>
   <cacheType><![CDATA[none]]></cacheType>
   <notes/>
   <replace>
      <value>
         <alert createTime="2011-11-05 07:20:46 -0500" templateId="175" updateTime="2011-11-05 07:20:46 -0500">
            <type>fraud</type>
            <level>high</level>
            <message>Login from restricted country.</message>
            <alertNotes/>
         </alert>
      </value>
   </replace>
</List>
