<Model><GlobalId><![CDATA[7_5ad3f41415a591df7b8a1bca16eaa5ab]]></GlobalId><Name><![CDATA[Bill Pay Fraud]]></Name><NameRBKey></NameRBKey><Type><![CDATA[1]]></Type><RunTime><![CDATA[600]]></RunTime><RunMode><![CDATA[1]]></RunMode><Weight><![CDATA[100]]></Weight><ScoringEngine><![CDATA[2]]></ScoringEngine><Status><![CDATA[1]]></Status><Notes></Notes><Description><![CDATA[Fraudulent Bill Pay Transactions.]]></Description><DescriptionRBKey></DescriptionRBKey><RuleList><Rule><GlobalId><![CDATA[1989_3e85ed9ac819a19f7f099531104636ae]]></GlobalId><RuleGlobalId><![CDATA[1986_64c7559c484de47d3d2995234f1b48cc]]></RuleGlobalId><Name><![CDATA[Known Fraudulent Account]]></Name><Notes><![CDATA[Known Fraudulent Destination Account]]></Notes><Score><![CDATA[900]]></Score><Weight><![CDATA[100]]></Weight><Status><![CDATA[1]]></Status><ActionGroup></ActionGroup><AlertGroup></AlertGroup><ExcludeUserGroup></ExcludeUserGroup><DeviceScore><Min><![CDATA[0]]></Min><Max><![CDATA[1000]]></Max></DeviceScore><CityScore><Min><![CDATA[0]]></Min><Max><![CDATA[100]]></Max></CityScore><StateScore><Min><![CDATA[0]]></Min><Max><![CDATA[100]]></Max></StateScore><CountryScore><Min><![CDATA[0]]></Min><Max><![CDATA[100]]></Max></CountryScore><LocationScore><Min><![CDATA[0]]></Min><Max><![CDATA[1000]]></Max></LocationScore><ParamList><Param><GlobalId><![CDATA[check_current_transaction_using_filter_condition.param.trxDefKey]]></GlobalId><paramGlobalId><![CDATA[1990_857024e5e2b3a2c39eb0fa84ffa2ee41]]></paramGlobalId><boolValue><![CDATA[false]]></boolValue><intValue><![CDATA[0]]></intValue><longValue><![CDATA[0]]></longValue><strValue><![CDATA[txnDefKey#^#bill_pay]]></strValue><dateValue></dateValue><Status><![CDATA[1]]></Status><valueType><![CDATA[7]]></valueType><Notes></Notes><RuleConditionMapGlobalId><![CDATA[1987_2dabea53964f4c31cd8c2a28aee6c940]]></RuleConditionMapGlobalId></Param><Param><GlobalId><![CDATA[check_current_transaction_using_filter_condition.param.filter1Key]]></GlobalId><paramGlobalId><![CDATA[1991_f7816143cfe4bae9a700270abda17bcf]]></paramGlobalId><boolValue><![CDATA[false]]></boolValue><intValue><![CDATA[0]]></intValue><longValue><![CDATA[0]]></longValue><strValue><![CDATA[FILTER_KEY_TYPE#^#3#^#txnDefKey#^#bill_pay#^#entityRelType#^#Bill Pay Destination#^#entityDefKey#^#dest_account]]></strValue><dateValue></dateValue><Status><![CDATA[1]]></Status><valueType><![CDATA[7]]></valueType><Notes></Notes><RuleConditionMapGlobalId><![CDATA[1987_2dabea53964f4c31cd8c2a28aee6c940]]></RuleConditionMapGlobalId></Param><Param><GlobalId><![CDATA[check_current_transaction_using_filter_condition.param.filter1Condition]]></GlobalId><paramGlobalId><![CDATA[1992_da8075cf21a069b5489a470342eb7cd5]]></paramGlobalId><boolValue><![CDATA[false]]></boolValue><intValue><![CDATA[0]]></intValue><longValue><![CDATA[0]]></longValue><strValue><![CDATA[FILTER_CONDITION#^#11#^#FILTER_VALUE_TYPE#^#2#^#FILTER_VALUE#^#Known fraudulent account numbers]]></strValue><dateValue></dateValue><Status><![CDATA[1]]></Status><valueType><![CDATA[7]]></valueType><Notes></Notes><RuleConditionMapGlobalId><![CDATA[1987_2dabea53964f4c31cd8c2a28aee6c940]]></RuleConditionMapGlobalId></Param><Param><GlobalId><![CDATA[check_current_transaction_using_filter_condition.param.filter2Key]]></GlobalId><paramGlobalId><![CDATA[1993_1a26ba996474e5b7d89ba4e295d27b15]]></paramGlobalId><boolValue><![CDATA[false]]></boolValue><intValue><![CDATA[0]]></intValue><longValue><![CDATA[0]]></longValue><strValue></strValue><dateValue></dateValue><Status><![CDATA[1]]></Status><valueType><![CDATA[7]]></valueType><Notes></Notes><RuleConditionMapGlobalId><![CDATA[1987_2dabea53964f4c31cd8c2a28aee6c940]]></RuleConditionMapGlobalId></Param><Param><GlobalId><![CDATA[check_current_transaction_using_filter_condition.param.filter2Condition]]></GlobalId><paramGlobalId><![CDATA[1994_77f61b6ab3914196db23ea0de35f66a1]]></paramGlobalId><boolValue><![CDATA[false]]></boolValue><intValue><![CDATA[0]]></intValue><longValue><![CDATA[0]]></longValue><strValue></strValue><dateValue></dateValue><Status><![CDATA[1]]></Status><valueType><![CDATA[7]]></valueType><Notes></Notes><RuleConditionMapGlobalId><![CDATA[1987_2dabea53964f4c31cd8c2a28aee6c940]]></RuleConditionMapGlobalId></Param><Param><GlobalId><![CDATA[check_current_transaction_using_filter_condition.param.filter3Key]]></GlobalId><paramGlobalId><![CDATA[1995_83a0c2b4847ed5a1d9a77808bb89a7dd]]></paramGlobalId><boolValue><![CDATA[false]]></boolValue><intValue><![CDATA[0]]></intValue><longValue><![CDATA[0]]></longValue><strValue></strValue><dateValue></dateValue><Status><![CDATA[1]]></Status><valueType><![CDATA[7]]></valueType><Notes></Notes><RuleConditionMapGlobalId><![CDATA[1987_2dabea53964f4c31cd8c2a28aee6c940]]></RuleConditionMapGlobalId></Param><Param><GlobalId><![CDATA[check_current_transaction_using_filter_condition.param.filter3Condition]]></GlobalId><paramGlobalId><![CDATA[1996_dd9782775a9913fdc0221662df1a0c97]]></paramGlobalId><boolValue><![CDATA[false]]></boolValue><intValue><![CDATA[0]]></intValue><longValue><![CDATA[0]]></longValue><strValue></strValue><dateValue></dateValue><Status><![CDATA[1]]></Status><valueType><![CDATA[7]]></valueType><Notes></Notes><RuleConditionMapGlobalId><![CDATA[1987_2dabea53964f4c31cd8c2a28aee6c940]]></RuleConditionMapGlobalId></Param><Param><GlobalId><![CDATA[check_current_transaction_using_filter_condition.param.filter4Key]]></GlobalId><paramGlobalId><![CDATA[1997_3ec590373ad948a8db001b023caee81a]]></paramGlobalId><boolValue><![CDATA[false]]></boolValue><intValue><![CDATA[0]]></intValue><longValue><![CDATA[0]]></longValue><strValue></strValue><dateValue></dateValue><Status><![CDATA[1]]></Status><valueType><![CDATA[7]]></valueType><Notes></Notes><RuleConditionMapGlobalId><![CDATA[1987_2dabea53964f4c31cd8c2a28aee6c940]]></RuleConditionMapGlobalId></Param><Param><GlobalId><![CDATA[check_current_transaction_using_filter_condition.param.filter4Condition]]></GlobalId><paramGlobalId><![CDATA[1998_1456daadd737972729f3cf1508cc1bce]]></paramGlobalId><boolValue><![CDATA[false]]></boolValue><intValue><![CDATA[0]]></intValue><longValue><![CDATA[0]]></longValue><strValue></strValue><dateValue></dateValue><Status><![CDATA[1]]></Status><valueType><![CDATA[7]]></valueType><Notes></Notes><RuleConditionMapGlobalId><![CDATA[1987_2dabea53964f4c31cd8c2a28aee6c940]]></RuleConditionMapGlobalId></Param><Param><GlobalId><![CDATA[check_current_transaction_using_filter_condition.param.filter5Key]]></GlobalId><paramGlobalId><![CDATA[1999_8a060260fc5e04b6674d2a1d9867d6b6]]></paramGlobalId><boolValue><![CDATA[false]]></boolValue><intValue><![CDATA[0]]></intValue><longValue><![CDATA[0]]></longValue><strValue></strValue><dateValue></dateValue><Status><![CDATA[1]]></Status><valueType><![CDATA[7]]></valueType><Notes></Notes><RuleConditionMapGlobalId><![CDATA[1987_2dabea53964f4c31cd8c2a28aee6c940]]></RuleConditionMapGlobalId></Param><Param><GlobalId><![CDATA[check_current_transaction_using_filter_condition.param.filter5Condition]]></GlobalId><paramGlobalId><![CDATA[2000_5286cb6904a5255d2a6f7111c29a991a]]></paramGlobalId><boolValue><![CDATA[false]]></boolValue><intValue><![CDATA[0]]></intValue><longValue><![CDATA[0]]></longValue><strValue></strValue><dateValue></dateValue><Status><![CDATA[1]]></Status><valueType><![CDATA[7]]></valueType><Notes></Notes><RuleConditionMapGlobalId><![CDATA[1987_2dabea53964f4c31cd8c2a28aee6c940]]></RuleConditionMapGlobalId></Param><Param><GlobalId><![CDATA[check_current_transaction_using_filter_condition.param.filter6Key]]></GlobalId><paramGlobalId><![CDATA[2001_9dc5548635e5393d25ac6bdebda0f7b9]]></paramGlobalId><boolValue><![CDATA[false]]></boolValue><intValue><![CDATA[0]]></intValue><longValue><![CDATA[0]]></longValue><strValue></strValue><dateValue></dateValue><Status><![CDATA[1]]></Status><valueType><![CDATA[7]]></valueType><Notes></Notes><RuleConditionMapGlobalId><![CDATA[1987_2dabea53964f4c31cd8c2a28aee6c940]]></RuleConditionMapGlobalId></Param><Param><GlobalId><![CDATA[check_current_transaction_using_filter_condition.param.filter6Condition]]></GlobalId><paramGlobalId><![CDATA[2002_e782274a29ea5d65869fe0cf302e6821]]></paramGlobalId><boolValue><![CDATA[false]]></boolValue><intValue><![CDATA[0]]></intValue><longValue><![CDATA[0]]></longValue><strValue></strValue><dateValue></dateValue><Status><![CDATA[1]]></Status><valueType><![CDATA[7]]></valueType><Notes></Notes><RuleConditionMapGlobalId><![CDATA[1987_2dabea53964f4c31cd8c2a28aee6c940]]></RuleConditionMapGlobalId></Param></ParamList></Rule><Rule><GlobalId><![CDATA[839_6d5d3f20970d2e210516dc553abf210f]]></GlobalId><RuleGlobalId><![CDATA[transaction_check_param_value]]></RuleGlobalId><Name><![CDATA[High BillPay Amount]]></Name><Notes><![CDATA[BillPay amount is > $500]]></Notes><Score><![CDATA[250]]></Score><Weight><![CDATA[100]]></Weight><Status><![CDATA[1]]></Status><ActionGroup></ActionGroup><AlertGroup></AlertGroup><ExcludeUserGroup></ExcludeUserGroup><DeviceScore><Min><![CDATA[0]]></Min><Max><![CDATA[1000]]></Max></DeviceScore><CityScore><Min><![CDATA[0]]></Min><Max><![CDATA[100]]></Max></CityScore><StateScore><Min><![CDATA[0]]></Min><Max><![CDATA[100]]></Max></StateScore><CountryScore><Min><![CDATA[0]]></Min><Max><![CDATA[100]]></Max></CountryScore><LocationScore><Min><![CDATA[0]]></Min><Max><![CDATA[1000]]></Max></LocationScore><ParamList><Param><GlobalId><![CDATA[transaction_check_param_value.condition0.param.is]]></GlobalId><paramGlobalId><![CDATA[840_6b62c373d6067970c7e2bb111472534b]]></paramGlobalId><boolValue><![CDATA[true]]></boolValue><intValue><![CDATA[0]]></intValue><longValue><![CDATA[0]]></longValue><strValue></strValue><dateValue></dateValue><Status><![CDATA[1]]></Status><valueType><![CDATA[4]]></valueType><Notes></Notes><RuleConditionMapGlobalId><![CDATA[transaction_check_param_value___.___transaction_check_param_value.condition0]]></RuleConditionMapGlobalId></Param><Param><GlobalId><![CDATA[transaction_check_param_value.condition0.param.value_key]]></GlobalId><paramGlobalId><![CDATA[841_ae1bc369257dce1232fca8a87eb25c0d]]></paramGlobalId><boolValue><![CDATA[false]]></boolValue><intValue><![CDATA[0]]></intValue><longValue><![CDATA[0]]></longValue><strValue><![CDATA[bill_pay.amount]]></strValue><dateValue></dateValue><Status><![CDATA[1]]></Status><valueType><![CDATA[1]]></valueType><Notes></Notes><RuleConditionMapGlobalId><![CDATA[transaction_check_param_value___.___transaction_check_param_value.condition0]]></RuleConditionMapGlobalId></Param><Param><GlobalId><![CDATA[transaction_check_param_value.condition0.param.value_above]]></GlobalId><paramGlobalId><![CDATA[842_fc09f4dfe4bc4efec1fe729d53e2c218]]></paramGlobalId><boolValue><![CDATA[false]]></boolValue><intValue><![CDATA[0]]></intValue><longValue><![CDATA[500]]></longValue><strValue></strValue><dateValue></dateValue><Status><![CDATA[1]]></Status><valueType><![CDATA[2]]></valueType><Notes></Notes><RuleConditionMapGlobalId><![CDATA[transaction_check_param_value___.___transaction_check_param_value.condition0]]></RuleConditionMapGlobalId></Param></ParamList></Rule><Rule><GlobalId><![CDATA[1905_be309300b963f145c86ed8f7c32937da]]></GlobalId><RuleGlobalId><![CDATA[1855_15707f52f40e8c39eb100af24fc28b65]]></RuleGlobalId><Name><![CDATA[1st time transfer to dest]]></Name><Notes><![CDATA[This destination account is not frequently used by this user.]]></Notes><Score><![CDATA[500]]></Score><Weight><![CDATA[100]]></Weight><Status><![CDATA[1]]></Status><ActionGroup></ActionGroup><AlertGroup></AlertGroup><ExcludeUserGroup></ExcludeUserGroup><DeviceScore><Min><![CDATA[0]]></Min><Max><![CDATA[1000]]></Max></DeviceScore><CityScore><Min><![CDATA[0]]></Min><Max><![CDATA[100]]></Max></CityScore><StateScore><Min><![CDATA[0]]></Min><Max><![CDATA[100]]></Max></StateScore><CountryScore><Min><![CDATA[0]]></Min><Max><![CDATA[100]]></Max></CountryScore><LocationScore><Min><![CDATA[0]]></Min><Max><![CDATA[1000]]></Max></LocationScore><ParamList><Param><GlobalId><![CDATA[trx_count_based_on_filter_condition.param.trxDefKey]]></GlobalId><paramGlobalId><![CDATA[1906_0a9d12fad1297d7c5268355954c97c14]]></paramGlobalId><boolValue><![CDATA[false]]></boolValue><intValue><![CDATA[0]]></intValue><longValue><![CDATA[0]]></longValue><strValue><![CDATA[txnDefKey#^#bill_pay]]></strValue><dateValue></dateValue><Status><![CDATA[1]]></Status><valueType><![CDATA[7]]></valueType><Notes></Notes><RuleConditionMapGlobalId><![CDATA[1904_178c4b771ff0b810bec93ef63e1f0bfe]]></RuleConditionMapGlobalId></Param><Param><GlobalId><![CDATA[trx_count_based_on_filter_condition.param.specifiedConditionEnumForCount]]></GlobalId><paramGlobalId><![CDATA[1907_ca91298f125e9900a56a71c110c7a226]]></paramGlobalId><boolValue><![CDATA[false]]></boolValue><intValue><![CDATA[1]]></intValue><longValue><![CDATA[0]]></longValue><strValue></strValue><dateValue></dateValue><Status><![CDATA[1]]></Status><valueType><![CDATA[7]]></valueType><Notes></Notes><RuleConditionMapGlobalId><![CDATA[1904_178c4b771ff0b810bec93ef63e1f0bfe]]></RuleConditionMapGlobalId></Param><Param><GlobalId><![CDATA[trx_count_based_on_filter_condition.param.specifiedValueForCount]]></GlobalId><paramGlobalId><![CDATA[1908_7f08184055e99a1b9b22f17941f5cbda]]></paramGlobalId><boolValue><![CDATA[false]]></boolValue><intValue><![CDATA[1]]></intValue><longValue><![CDATA[0]]></longValue><strValue></strValue><dateValue></dateValue><Status><![CDATA[1]]></Status><valueType><![CDATA[3]]></valueType><Notes></Notes><RuleConditionMapGlobalId><![CDATA[1904_178c4b771ff0b810bec93ef63e1f0bfe]]></RuleConditionMapGlobalId></Param><Param><GlobalId><![CDATA[trx_count_based_on_filter_condition.param.durationDescriptor]]></GlobalId><paramGlobalId><![CDATA[1909_316fdab8d220e6e544701afad9a3a8c5]]></paramGlobalId><boolValue><![CDATA[false]]></boolValue><intValue><![CDATA[0]]></intValue><longValue><![CDATA[0]]></longValue><strValue><![CDATA[DURATION_TYPE#^#1#^#DURATION_VALUE#^#3#^#DURATION_UNIT#^#7]]></strValue><dateValue></dateValue><Status><![CDATA[1]]></Status><valueType><![CDATA[7]]></valueType><Notes></Notes><RuleConditionMapGlobalId><![CDATA[1904_178c4b771ff0b810bec93ef63e1f0bfe]]></RuleConditionMapGlobalId></Param><Param><GlobalId><![CDATA[trx_count_based_on_filter_condition.param.transactionStatusEnum]]></GlobalId><paramGlobalId><![CDATA[1910_1fdae81c9aa9b17237c0df30be1f7756]]></paramGlobalId><boolValue><![CDATA[false]]></boolValue><intValue><![CDATA[0]]></intValue><longValue><![CDATA[0]]></longValue><strValue></strValue><dateValue></dateValue><Status><![CDATA[1]]></Status><valueType><![CDATA[7]]></valueType><Notes></Notes><RuleConditionMapGlobalId><![CDATA[1904_178c4b771ff0b810bec93ef63e1f0bfe]]></RuleConditionMapGlobalId></Param><Param><GlobalId><![CDATA[trx_count_based_on_filter_condition.param.ignoreCurrentTransactionInCount]]></GlobalId><paramGlobalId><![CDATA[1911_d7f3166d690967281bf9801676cf4dd1]]></paramGlobalId><boolValue><![CDATA[false]]></boolValue><intValue><![CDATA[0]]></intValue><longValue><![CDATA[0]]></longValue><strValue></strValue><dateValue></dateValue><Status><![CDATA[1]]></Status><valueType><![CDATA[4]]></valueType><Notes></Notes><RuleConditionMapGlobalId><![CDATA[1904_178c4b771ff0b810bec93ef63e1f0bfe]]></RuleConditionMapGlobalId></Param><Param><GlobalId><![CDATA[trx_count_based_on_filter_condition.param.forTheSameCurrentUserId]]></GlobalId><paramGlobalId><![CDATA[1912_56ce504907089014873f1a436cec7dd8]]></paramGlobalId><boolValue><![CDATA[true]]></boolValue><intValue><![CDATA[0]]></intValue><longValue><![CDATA[0]]></longValue><strValue></strValue><dateValue></dateValue><Status><![CDATA[1]]></Status><valueType><![CDATA[4]]></valueType><Notes></Notes><RuleConditionMapGlobalId><![CDATA[1904_178c4b771ff0b810bec93ef63e1f0bfe]]></RuleConditionMapGlobalId></Param><Param><GlobalId><![CDATA[trx_count_based_on_filter_condition.param.applyFilterOnCurrentTransaction]]></GlobalId><paramGlobalId><![CDATA[1913_e7b2fe025fda75364f97ad5ed834ae15]]></paramGlobalId><boolValue><![CDATA[true]]></boolValue><intValue><![CDATA[0]]></intValue><longValue><![CDATA[0]]></longValue><strValue></strValue><dateValue></dateValue><Status><![CDATA[1]]></Status><valueType><![CDATA[4]]></valueType><Notes></Notes><RuleConditionMapGlobalId><![CDATA[1904_178c4b771ff0b810bec93ef63e1f0bfe]]></RuleConditionMapGlobalId></Param><Param><GlobalId><![CDATA[trx_count_based_on_filter_condition.param.filter1Key]]></GlobalId><paramGlobalId><![CDATA[1914_5251d95e4eb23dfd0c06c265e878c872]]></paramGlobalId><boolValue><![CDATA[false]]></boolValue><intValue><![CDATA[0]]></intValue><longValue><![CDATA[0]]></longValue><strValue><![CDATA[FILTER_KEY_TYPE#^#5#^#txnDefKey#^#bill_pay#^#entityRelType#^#Bill Pay Destination#^#entityDefKey#^#dest_account#^#DataDefKey#^#data#^#DataElemDefKey#^#account_number]]></strValue><dateValue></dateValue><Status><![CDATA[1]]></Status><valueType><![CDATA[7]]></valueType><Notes></Notes><RuleConditionMapGlobalId><![CDATA[1904_178c4b771ff0b810bec93ef63e1f0bfe]]></RuleConditionMapGlobalId></Param><Param><GlobalId><![CDATA[trx_count_based_on_filter_condition.param.filter1Condition]]></GlobalId><paramGlobalId><![CDATA[1915_8841e45874d36eeb90343d5ac922b850]]></paramGlobalId><boolValue><![CDATA[false]]></boolValue><intValue><![CDATA[0]]></intValue><longValue><![CDATA[0]]></longValue><strValue><![CDATA[FILTER_CONDITION#^#1#^#FILTER_VALUE_TYPE#^#3#^#FILTER_KEY_TYPE#^#5#^#txnDefKey#^#bill_pay#^#entityRelType#^#Bill Pay Destination#^#entityDefKey#^#dest_account#^#DataDefKey#^#data#^#DataElemDefKey#^#account_number]]></strValue><dateValue></dateValue><Status><![CDATA[1]]></Status><valueType><![CDATA[7]]></valueType><Notes></Notes><RuleConditionMapGlobalId><![CDATA[1904_178c4b771ff0b810bec93ef63e1f0bfe]]></RuleConditionMapGlobalId></Param><Param><GlobalId><![CDATA[trx_count_based_on_filter_condition.param.filter2Key]]></GlobalId><paramGlobalId><![CDATA[1916_b69fe68f1337c9cf8c10cc7d52475d87]]></paramGlobalId><boolValue><![CDATA[false]]></boolValue><intValue><![CDATA[0]]></intValue><longValue><![CDATA[0]]></longValue><strValue></strValue><dateValue></dateValue><Status><![CDATA[1]]></Status><valueType><![CDATA[7]]></valueType><Notes></Notes><RuleConditionMapGlobalId><![CDATA[1904_178c4b771ff0b810bec93ef63e1f0bfe]]></RuleConditionMapGlobalId></Param><Param><GlobalId><![CDATA[trx_count_based_on_filter_condition.param.filter2Condition]]></GlobalId><paramGlobalId><![CDATA[1917_eaca6da4db9d10301484aecc21690a06]]></paramGlobalId><boolValue><![CDATA[false]]></boolValue><intValue><![CDATA[0]]></intValue><longValue><![CDATA[0]]></longValue><strValue></strValue><dateValue></dateValue><Status><![CDATA[1]]></Status><valueType><![CDATA[7]]></valueType><Notes></Notes><RuleConditionMapGlobalId><![CDATA[1904_178c4b771ff0b810bec93ef63e1f0bfe]]></RuleConditionMapGlobalId></Param><Param><GlobalId><![CDATA[trx_count_based_on_filter_condition.param.filter3Key]]></GlobalId><paramGlobalId><![CDATA[1918_6cd029f8fb4b60146e7317be4506b5b5]]></paramGlobalId><boolValue><![CDATA[false]]></boolValue><intValue><![CDATA[0]]></intValue><longValue><![CDATA[0]]></longValue><strValue></strValue><dateValue></dateValue><Status><![CDATA[1]]></Status><valueType><![CDATA[7]]></valueType><Notes></Notes><RuleConditionMapGlobalId><![CDATA[1904_178c4b771ff0b810bec93ef63e1f0bfe]]></RuleConditionMapGlobalId></Param><Param><GlobalId><![CDATA[trx_count_based_on_filter_condition.param.filter3Condition]]></GlobalId><paramGlobalId><![CDATA[1919_0a3fc4d1eafb187c27eefac370350e63]]></paramGlobalId><boolValue><![CDATA[false]]></boolValue><intValue><![CDATA[0]]></intValue><longValue><![CDATA[0]]></longValue><strValue></strValue><dateValue></dateValue><Status><![CDATA[1]]></Status><valueType><![CDATA[7]]></valueType><Notes></Notes><RuleConditionMapGlobalId><![CDATA[1904_178c4b771ff0b810bec93ef63e1f0bfe]]></RuleConditionMapGlobalId></Param><Param><GlobalId><![CDATA[trx_count_based_on_filter_condition.param.filter4Key]]></GlobalId><paramGlobalId><![CDATA[1920_68095753a742bb14f79bf9fc64b2efa9]]></paramGlobalId><boolValue><![CDATA[false]]></boolValue><intValue><![CDATA[0]]></intValue><longValue><![CDATA[0]]></longValue><strValue></strValue><dateValue></dateValue><Status><![CDATA[1]]></Status><valueType><![CDATA[7]]></valueType><Notes></Notes><RuleConditionMapGlobalId><![CDATA[1904_178c4b771ff0b810bec93ef63e1f0bfe]]></RuleConditionMapGlobalId></Param><Param><GlobalId><![CDATA[trx_count_based_on_filter_condition.param.filter4Condition]]></GlobalId><paramGlobalId><![CDATA[1921_0ffa5f5168348b49e77144eaf244aa54]]></paramGlobalId><boolValue><![CDATA[false]]></boolValue><intValue><![CDATA[0]]></intValue><longValue><![CDATA[0]]></longValue><strValue></strValue><dateValue></dateValue><Status><![CDATA[1]]></Status><valueType><![CDATA[7]]></valueType><Notes></Notes><RuleConditionMapGlobalId><![CDATA[1904_178c4b771ff0b810bec93ef63e1f0bfe]]></RuleConditionMapGlobalId></Param><Param><GlobalId><![CDATA[trx_count_based_on_filter_condition.param.filter5Key]]></GlobalId><paramGlobalId><![CDATA[1922_07b29aff343b4d65f79b118520a8d21d]]></paramGlobalId><boolValue><![CDATA[false]]></boolValue><intValue><![CDATA[0]]></intValue><longValue><![CDATA[0]]></longValue><strValue></strValue><dateValue></dateValue><Status><![CDATA[1]]></Status><valueType><![CDATA[7]]></valueType><Notes></Notes><RuleConditionMapGlobalId><![CDATA[1904_178c4b771ff0b810bec93ef63e1f0bfe]]></RuleConditionMapGlobalId></Param><Param><GlobalId><![CDATA[trx_count_based_on_filter_condition.param.filter5Condition]]></GlobalId><paramGlobalId><![CDATA[1923_91e982d06c3b342ff3f80e010dc4666f]]></paramGlobalId><boolValue><![CDATA[false]]></boolValue><intValue><![CDATA[0]]></intValue><longValue><![CDATA[0]]></longValue><strValue></strValue><dateValue></dateValue><Status><![CDATA[1]]></Status><valueType><![CDATA[7]]></valueType><Notes></Notes><RuleConditionMapGlobalId><![CDATA[1904_178c4b771ff0b810bec93ef63e1f0bfe]]></RuleConditionMapGlobalId></Param><Param><GlobalId><![CDATA[trx_count_based_on_filter_condition.param.filter6Key]]></GlobalId><paramGlobalId><![CDATA[1924_b49aab761f95e6f65ab70a1c16afaa91]]></paramGlobalId><boolValue><![CDATA[false]]></boolValue><intValue><![CDATA[0]]></intValue><longValue><![CDATA[0]]></longValue><strValue></strValue><dateValue></dateValue><Status><![CDATA[1]]></Status><valueType><![CDATA[7]]></valueType><Notes></Notes><RuleConditionMapGlobalId><![CDATA[1904_178c4b771ff0b810bec93ef63e1f0bfe]]></RuleConditionMapGlobalId></Param><Param><GlobalId><![CDATA[trx_count_based_on_filter_condition.param.filter6Condition]]></GlobalId><paramGlobalId><![CDATA[1925_2cd4bc9b8ddf36e6692a986cda132317]]></paramGlobalId><boolValue><![CDATA[false]]></boolValue><intValue><![CDATA[0]]></intValue><longValue><![CDATA[0]]></longValue><strValue></strValue><dateValue></dateValue><Status><![CDATA[1]]></Status><valueType><![CDATA[7]]></valueType><Notes></Notes><RuleConditionMapGlobalId><![CDATA[1904_178c4b771ff0b810bec93ef63e1f0bfe]]></RuleConditionMapGlobalId></Param></ParamList></Rule></RuleList><OverrideList></OverrideList><GroupLinkList><Group><![CDATA[OnlineBanking]]></Group></GroupLinkList></Model>