<Model><GlobalId><![CDATA[1884_6ad5fd9a7e0d81c4f0e989c1346082fc]]></GlobalId><Name><![CDATA[Pre-Auth Security]]></Name><NameRBKey></NameRBKey><Type><![CDATA[1]]></Type><RunTime><![CDATA[1]]></RunTime><RunMode><![CDATA[2]]></RunMode><Weight><![CDATA[100]]></Weight><ScoringEngine><![CDATA[5]]></ScoringEngine><Status><![CDATA[1]]></Status><Notes></Notes><Description><![CDATA[Pre-Auth Security]]></Description><DescriptionRBKey></DescriptionRBKey><RuleList><Rule><GlobalId><![CDATA[1885_c8b9222d46f57735b1b54c610fd6f1a1]]></GlobalId><RuleGlobalId><![CDATA[country_in_list]]></RuleGlobalId><Name><![CDATA[Restricted Countries]]></Name><Notes><![CDATA[do not allow users to login from countries that we do not do business with.]]></Notes><Score><![CDATA[900]]></Score><Weight><![CDATA[100]]></Weight><Status><![CDATA[1]]></Status><ActionGroup></ActionGroup><AlertGroup><![CDATA[Restricted Country]]></AlertGroup><ExcludeUserGroup></ExcludeUserGroup><DeviceScore><Min><![CDATA[0]]></Min><Max><![CDATA[1000]]></Max></DeviceScore><CityScore><Min><![CDATA[0]]></Min><Max><![CDATA[100]]></Max></CityScore><StateScore><Min><![CDATA[0]]></Min><Max><![CDATA[100]]></Max></StateScore><CountryScore><Min><![CDATA[0]]></Min><Max><![CDATA[100]]></Max></CountryScore><LocationScore><Min><![CDATA[0]]></Min><Max><![CDATA[1000]]></Max></LocationScore><ParamList><Param><GlobalId><![CDATA[country_in_list.condition0.param.is_in_list]]></GlobalId><paramGlobalId><![CDATA[1886_830fd18d4a41c8176b87e6609ee6b5b0]]></paramGlobalId><boolValue><![CDATA[true]]></boolValue><intValue><![CDATA[0]]></intValue><longValue><![CDATA[0]]></longValue><strValue></strValue><dateValue></dateValue><Status><![CDATA[1]]></Status><valueType><![CDATA[4]]></valueType><Notes></Notes><RuleConditionMapGlobalId><![CDATA[country_in_list___.___country_in_list.condition0]]></RuleConditionMapGlobalId></Param><Param><GlobalId><![CDATA[country_in_list.condition0.param.list_id]]></GlobalId><List><![CDATA[Restricted Countries]]></List><paramGlobalId><![CDATA[1887_d28896f602bada9f67dd024739637dc8]]></paramGlobalId><boolValue><![CDATA[false]]></boolValue><intValue><![CDATA[0]]></intValue><longValue><![CDATA[120]]></longValue><strValue></strValue><dateValue></dateValue><Status><![CDATA[1]]></Status><valueType><![CDATA[6]]></valueType><Notes></Notes><RuleConditionMapGlobalId><![CDATA[country_in_list___.___country_in_list.condition0]]></RuleConditionMapGlobalId></Param></ParamList></Rule><Rule><GlobalId><![CDATA[1888_81568bed7a56a4e3eef77f05dc86040b]]></GlobalId><RuleGlobalId><![CDATA[user_not_status]]></RuleGlobalId><Name><![CDATA[Multiple Recent Failures]]></Name><Notes><![CDATA[Multiple Recent Login Failures]]></Notes><Score><![CDATA[300]]></Score><Weight><![CDATA[100]]></Weight><Status><![CDATA[1]]></Status><ActionGroup></ActionGroup><AlertGroup></AlertGroup><ExcludeUserGroup></ExcludeUserGroup><DeviceScore><Min><![CDATA[0]]></Min><Max><![CDATA[1000]]></Max></DeviceScore><CityScore><Min><![CDATA[0]]></Min><Max><![CDATA[100]]></Max></CityScore><StateScore><Min><![CDATA[0]]></Min><Max><![CDATA[100]]></Max></StateScore><CountryScore><Min><![CDATA[0]]></Min><Max><![CDATA[100]]></Max></CountryScore><LocationScore><Min><![CDATA[0]]></Min><Max><![CDATA[1000]]></Max></LocationScore><ParamList><Param><GlobalId><![CDATA[user_not_status.condition0.param.status]]></GlobalId><paramGlobalId><![CDATA[1889_f6521388fd6f22b427ff79e3e59f5a4e]]></paramGlobalId><boolValue><![CDATA[false]]></boolValue><intValue><![CDATA[0]]></intValue><longValue><![CDATA[0]]></longValue><strValue></strValue><dateValue></dateValue><Status><![CDATA[1]]></Status><valueType><![CDATA[7]]></valueType><Notes></Notes><RuleConditionMapGlobalId><![CDATA[user_not_status___.___user_not_status.condition0]]></RuleConditionMapGlobalId></Param><Param><GlobalId><![CDATA[user_not_status.condition0.param.maxcount]]></GlobalId><paramGlobalId><![CDATA[1890_24ee64fa60197e3c91a626e3951b6368]]></paramGlobalId><boolValue><![CDATA[false]]></boolValue><intValue><![CDATA[3]]></intValue><longValue><![CDATA[0]]></longValue><strValue></strValue><dateValue></dateValue><Status><![CDATA[1]]></Status><valueType><![CDATA[3]]></valueType><Notes></Notes><RuleConditionMapGlobalId><![CDATA[user_not_status___.___user_not_status.condition0]]></RuleConditionMapGlobalId></Param></ParamList></Rule></RuleList><OverrideList></OverrideList><GroupLinkList></GroupLinkList></Model>