<Model><GlobalId><![CDATA[1719_615a3713046f0c233d13da5a0809ebf6]]></GlobalId><Name><![CDATA[Login Security]]></Name><NameRBKey></NameRBKey><Type><![CDATA[1]]></Type><RunTime><![CDATA[2]]></RunTime><RunMode><![CDATA[1]]></RunMode><Weight><![CDATA[100]]></Weight><ScoringEngine><![CDATA[1]]></ScoringEngine><Status><![CDATA[1]]></Status><Notes></Notes><Description><![CDATA[Login Security]]></Description><DescriptionRBKey></DescriptionRBKey><RuleList><Rule><GlobalId><![CDATA[1902_5bcfe4967e512277070c0dfb57ed8cf4]]></GlobalId><RuleGlobalId><![CDATA[user_login_velocity]]></RuleGlobalId><Name><![CDATA[Improbable Velocity]]></Name><Notes><![CDATA[The user could not have traveled this fast under normal circumstances.]]></Notes><Score><![CDATA[1000]]></Score><Weight><![CDATA[100]]></Weight><Status><![CDATA[1]]></Status><ActionGroup></ActionGroup><AlertGroup></AlertGroup><ExcludeUserGroup></ExcludeUserGroup><DeviceScore><Min><![CDATA[0]]></Min><Max><![CDATA[1000]]></Max></DeviceScore><CityScore><Min><![CDATA[0]]></Min><Max><![CDATA[100]]></Max></CityScore><StateScore><Min><![CDATA[0]]></Min><Max><![CDATA[100]]></Max></StateScore><CountryScore><Min><![CDATA[0]]></Min><Max><![CDATA[100]]></Max></CountryScore><LocationScore><Min><![CDATA[0]]></Min><Max><![CDATA[1000]]></Max></LocationScore><ParamList><Param><GlobalId><![CDATA[user_login_velocity.condition0.param.milesPerHour]]></GlobalId><paramGlobalId><![CDATA[1903_0fa9d7dd9fdfa6965da6bdfe202f11c4]]></paramGlobalId><boolValue><![CDATA[false]]></boolValue><intValue><![CDATA[0]]></intValue><longValue><![CDATA[600]]></longValue><strValue></strValue><dateValue></dateValue><Status><![CDATA[1]]></Status><valueType><![CDATA[2]]></valueType><Notes></Notes><RuleConditionMapGlobalId><![CDATA[user_login_velocity___.___user_login_velocity.condition0]]></RuleConditionMapGlobalId></Param><Param><GlobalId><![CDATA[user_login_velocity.condition0.param.ignoreIfDeviceIsSame]]></GlobalId><paramGlobalId><![CDATA[1904_911aaf7273f5fe5383a0afb388107d6a]]></paramGlobalId><boolValue><![CDATA[true]]></boolValue><intValue><![CDATA[0]]></intValue><longValue><![CDATA[0]]></longValue><strValue></strValue><dateValue></dateValue><Status><![CDATA[1]]></Status><valueType><![CDATA[4]]></valueType><Notes></Notes><RuleConditionMapGlobalId><![CDATA[user_login_velocity___.___user_login_velocity.condition0]]></RuleConditionMapGlobalId></Param></ParamList></Rule><Rule><GlobalId><![CDATA[2012_61ab05927833ec4cec34990764468c58]]></GlobalId><RuleGlobalId><![CDATA[user_first_time_country]]></RuleGlobalId><Name><![CDATA[First Time Country Use]]></Name><Notes><![CDATA[User has logged in from this country for the first time.]]></Notes><Score><![CDATA[500]]></Score><Weight><![CDATA[100]]></Weight><Status><![CDATA[1]]></Status><ActionGroup></ActionGroup><AlertGroup><![CDATA[User First Time in Country Alert]]></AlertGroup><ExcludeUserGroup></ExcludeUserGroup><DeviceScore><Min><![CDATA[0]]></Min><Max><![CDATA[1000]]></Max></DeviceScore><CityScore><Min><![CDATA[0]]></Min><Max><![CDATA[100]]></Max></CityScore><StateScore><Min><![CDATA[0]]></Min><Max><![CDATA[100]]></Max></StateScore><CountryScore><Min><![CDATA[0]]></Min><Max><![CDATA[100]]></Max></CountryScore><LocationScore><Min><![CDATA[0]]></Min><Max><![CDATA[1000]]></Max></LocationScore><ParamList><Param><GlobalId><![CDATA[country_in_list.condition0.param.is_in_list]]></GlobalId><paramGlobalId><![CDATA[2013_2ccd6695d9eca1d91c6024fbf8dfbadb]]></paramGlobalId><boolValue><![CDATA[false]]></boolValue><intValue><![CDATA[0]]></intValue><longValue><![CDATA[0]]></longValue><strValue></strValue><dateValue></dateValue><Status><![CDATA[1]]></Status><valueType><![CDATA[4]]></valueType><Notes></Notes><RuleConditionMapGlobalId><![CDATA[user_first_time_country___.___user_first_time_country.condition0]]></RuleConditionMapGlobalId></Param><Param><GlobalId><![CDATA[user_first_time_country.condition1.param.is]]></GlobalId><paramGlobalId><![CDATA[2015_55cf3fbea6206d8ef1d7db5ee59d30da]]></paramGlobalId><boolValue><![CDATA[true]]></boolValue><intValue><![CDATA[0]]></intValue><longValue><![CDATA[0]]></longValue><strValue></strValue><dateValue></dateValue><Status><![CDATA[1]]></Status><valueType><![CDATA[4]]></valueType><Notes></Notes><RuleConditionMapGlobalId><![CDATA[user_first_time_country___.___user_first_time_country.condition1]]></RuleConditionMapGlobalId></Param><Param><GlobalId><![CDATA[country_in_list.condition0.param.list_id]]></GlobalId><List><![CDATA[Blacklisted Countries]]></List><paramGlobalId><![CDATA[2014_f9da3a517f8c7ece1a4b51d71eb0bc09]]></paramGlobalId><boolValue><![CDATA[false]]></boolValue><intValue><![CDATA[0]]></intValue><longValue><![CDATA[48]]></longValue><strValue></strValue><dateValue></dateValue><Status><![CDATA[1]]></Status><valueType><![CDATA[6]]></valueType><Notes></Notes><RuleConditionMapGlobalId><![CDATA[user_first_time_country___.___user_first_time_country.condition0]]></RuleConditionMapGlobalId></Param></ParamList></Rule></RuleList><OverrideList></OverrideList><GroupLinkList><Group><![CDATA[training]]></Group></GroupLinkList></Model>