<?xml version="1.0" encoding="UTF-8"?>

<rule>
  <Name>USER: Multiple failures</Name>
  <NameRBKey>bharosa.tracker.ruleTemplate.user_not_status.name.RBKey</NameRBKey>
  <GlobalId>user_not_status</GlobalId>
  <VersionId/>
  <MinCompatVersion>10.1.4.5</MinCompatVersion>
  <MaxCompatVersion>10.1.4.5</MaxCompatVersion>
  <Description>User failed multiple times</Description>
  <DescriptionRBKey>bharosa.tracker.ruleTemplate.user_not_status.description.RBKey</DescriptionRBKey>
  <Type>4</Type>
  <Status>1</Status>
  <Metadata>&lt;![CDATA[NEW_RULE_TEMPLATE]]&gt;</Metadata>
  <Filedata><![CDATA[
<rule name="USER: Multiple failures" no-loop="true" salience="100"><parameter identifier="trackerSession"><class>VCryptTrackerSession</class></parameter><parameter identifier="trackerUser"><class>VCryptTrackerUser</class></parameter><parameter identifier="trackerDevice"><class>VCryptTrackerDevice</class></parameter><parameter identifier="trackerLocation"><class>VCryptTrackerLocation</class></parameter><parameter identifier="trackerTransaction"><class>VCryptTrackerTransaction</class></parameter><parameter identifier="trackerAutoLearning"><class>VCryptTrackerAutoLearning</class></parameter><parameter identifier="deviceData"><class>DeviceData</class></parameter><java:condition>( trackerUser.getNotStatusCount(null, null, status, maxcount.intValue()) )&gt;= maxcount.intValue()</java:condition><java:consequence>RuleProcessor.processRule(ruleInstance, result, trackerSession);</java:consequence></rule>]]></Filedata>
  <ConditionMapList>
    <ConditionMap>
      <GlobalId>user_not_status___.___user_not_status.condition0</GlobalId>
      <ConditionGlobalId>user_not_status.condition0</ConditionGlobalId>
      <IsPrecondition>false</IsPrecondition>
      <DisplayOrder>1</DisplayOrder>
      <ExecutionOrder>1</ExecutionOrder>
      <CustomizedParamList>
        <CustomizedParam>
          <ParamGlobalId>user_not_status.condition0.param.status</ParamGlobalId>
          <DefaultValue>auth.status.enum.success</DefaultValue>
          <Description/>
          <DescriptionRBKey/>
          <Name>status</Name>
          <ParamNameRBKey/>
          <PromptLabel>Authentication status is not</PromptLabel>
          <PromptLabelRBKey/>
        </CustomizedParam>
        <CustomizedParam>
          <ParamGlobalId>user_not_status.condition0.param.maxcount</ParamGlobalId>
          <DefaultValue>3</DefaultValue>
          <Description/>
          <DescriptionRBKey/>
          <Name>maxcount</Name>
          <ParamNameRBKey/>
          <PromptLabel>for more than</PromptLabel>
          <PromptLabelRBKey/>
        </CustomizedParam>
      </CustomizedParamList>
    </ConditionMap>
  </ConditionMapList>
</rule>
