<?xml version="1.0" encoding="UTF-8"?>

<rule>
  <Name>LOCATION: In Country group</Name>
  <NameRBKey>bharosa.tracker.ruleTemplate.country_in_list.name.RBKey</NameRBKey>
  <GlobalId>country_in_list</GlobalId>
  <VersionId/>
  <MinCompatVersion>10.1.4.5</MinCompatVersion>
  <MaxCompatVersion>10.1.4.5</MaxCompatVersion>
  <Description>If the IP is in the given country group.</Description>
  <DescriptionRBKey>bharosa.tracker.ruleTemplate.country_in_list.description.RBKey</DescriptionRBKey>
  <Type>3</Type>
  <Status>1</Status>
  <Metadata>&lt;![CDATA[NEW_RULE_TEMPLATE]]&gt;</Metadata>
  <Filedata><![CDATA[
<rule name="LOCATION: In Country group" no-loop="true" salience="100"><parameter identifier="trackerSession"><class>VCryptTrackerSession</class></parameter><parameter identifier="trackerUser"><class>VCryptTrackerUser</class></parameter><parameter identifier="trackerDevice"><class>VCryptTrackerDevice</class></parameter><parameter identifier="trackerLocation"><class>VCryptTrackerLocation</class></parameter><parameter identifier="trackerTransaction"><class>VCryptTrackerTransaction</class></parameter><parameter identifier="trackerAutoLearning"><class>VCryptTrackerAutoLearning</class></parameter><parameter identifier="deviceData"><class>DeviceData</class></parameter><java:condition>(!isInList.booleanValue()&amp;&amp;!trackerLocation.isInCountry(listId)) || (isInList.booleanValue()&amp;&amp;trackerLocation.isInCountry(listId))</java:condition><java:consequence>RuleProcessor.processRule(ruleInstance, result, trackerSession);</java:consequence></rule>]]></Filedata>
  <ConditionMapList>
    <ConditionMap>
      <GlobalId>country_in_list___.___country_in_list.condition0</GlobalId>
      <ConditionGlobalId>country_in_list.condition0</ConditionGlobalId>
      <IsPrecondition>false</IsPrecondition>
      <DisplayOrder>1</DisplayOrder>
      <ExecutionOrder>1</ExecutionOrder>
      <CustomizedParamList>
        <CustomizedParam>
          <ParamGlobalId>country_in_list.condition0.param.is_in_list</ParamGlobalId>
          <DefaultValue>false</DefaultValue>
          <Description/>
          <DescriptionRBKey/>
          <Name>isInList</Name>
          <ParamNameRBKey/>
          <PromptLabel>Is in Group</PromptLabel>
          <PromptLabelRBKey/>
        </CustomizedParam>
        <CustomizedParam>
          <ParamGlobalId>country_in_list.condition0.param.list_id</ParamGlobalId>
          <DefaultValue/>
          <Description/>
          <DescriptionRBKey/>
          <Name>listId</Name>
          <ParamNameRBKey/>
          <PromptLabel>Country in country group</PromptLabel>
          <PromptLabelRBKey/>
        </CustomizedParam>
      </CustomizedParamList>
    </ConditionMap>
  </ConditionMapList>
</rule>
