<?xml version="1.0" encoding="UTF-8"?>

<Condition global_id="user_not_status.condition0">
  <Name>USER: Multiple failures</Name>
  <NameRBKey>tracker.rule.condition.user_not_status.condition0.name.RBKey</NameRBKey>
  <Description>User failed multiple times</Description>
  <DescriptionRBKey>tracker.rule.condition.user_not_status.condition0.description.RBKey</DescriptionRBKey>
  <version>10.1.4.5</version>
  <ConditionType>user</ConditionType>
  <RuleCondition>
    <java:condition>( trackerUser.getNotStatusCount(null, null, status, maxcount.intValue()) )&gt;= maxcount.intValue()</java:condition>
  </RuleCondition>
  <TypeList>
    <Type>user</Type>
    <Type>device</Type>
    <Type>location</Type>
    <Type>session</Type>
  </TypeList>
  <Params>
    <Param global_id="user_not_status.condition0.param.status">
      <Name>status</Name>
      <NameRBKey>tracker.rule.condition.param.status.label.RBKey</NameRBKey>
      <Description/>
      <DescriptionRBKey>tracker.rule.condition.param.status.description.RBKey</DescriptionRBKey>
      <Label>Authentication status is not</Label>
      <LabelRBKey>tracker.rule.condition.param.user_not_status.condition0.param.status.label.RBKey</LabelRBKey>
      <Default>auth.status.enum.success</Default>
      <JavaClass>java.lang.Integer</JavaClass>
      <ValueType>value.type.enum.enums</ValueType>
      <ValueSubType>auth.status.enum</ValueSubType>
      <Validations/>
      <Notes/>
      <ParamOrder>1</ParamOrder>
    </Param>
    <Param global_id="user_not_status.condition0.param.maxcount">
      <Name>maxcount</Name>
      <NameRBKey>tracker.rule.condition.param.maxcount.label.RBKey</NameRBKey>
      <Description/>
      <DescriptionRBKey>tracker.rule.condition.param.maxcount.description.RBKey</DescriptionRBKey>
      <Label>for more than</Label>
      <LabelRBKey>tracker.rule.condition.param.user_not_status.condition0.param.maxcount.label.RBKey</LabelRBKey>
      <Default>3</Default>
      <JavaClass>java.lang.Integer</JavaClass>
      <ValueType>value.type.enum.int</ValueType>
      <ValueSubType/>
      <Validations/>
      <Notes/>
      <ParamOrder>2</ParamOrder>
    </Param>
  </Params>
</Condition>
