<?xml version="1.0" encoding="UTF-8"?>

<Condition global_id="user_login_velocity.condition0">
  <Name>USER: Velocity from last successful login</Name>
  <NameRBKey>tracker.rule.condition.user_login_velocity.condition0.name.RBKey</NameRBKey>
  <Description>Velocity from last successful login</Description>
  <DescriptionRBKey>tracker.rule.condition.user_login_velocity.condition0.description.RBKey</DescriptionRBKey>
  <version>10.1.4.5</version>
  <ConditionType>user</ConditionType>
  <RuleCondition>
    <java:condition>trackerUser.milesPerHourFromLastValidLogin(ignoreIfDeviceIsSame)&gt;milesPerHour.longValue()</java:condition>
  </RuleCondition>
  <TypeList>
    <Type>user</Type>
    <Type>device</Type>
    <Type>location</Type>
    <Type>session</Type>
  </TypeList>
  <Params>
    <Param global_id="user_login_velocity.condition0.param.milesPerHour">
      <Name>milesPerHour</Name>
      <NameRBKey>tracker.rule.condition.param.milesPerHour.label.RBKey</NameRBKey>
      <Description/>
      <DescriptionRBKey>tracker.rule.condition.param.milesPerHour.description.RBKey</DescriptionRBKey>
      <Label>Miles per Hour is more than</Label>
      <LabelRBKey>tracker.rule.condition.param.user_login_velocity.condition0.param.milesPerHour.label.RBKey</LabelRBKey>
      <Default>60</Default>
      <JavaClass>java.lang.Long</JavaClass>
      <ValueType>value.type.enum.long</ValueType>
      <ValueSubType/>
      <Validations/>
      <Notes/>
      <ParamOrder>1</ParamOrder>
    </Param>
    <Param global_id="user_login_velocity.condition0.param.ignoreIfDeviceIsSame">
      <Name>ignoreIfDeviceIsSame</Name>
      <NameRBKey>tracker.rule.condition.param.ignoreIfDeviceIsSame.label.RBKey</NameRBKey>
      <Description/>
      <DescriptionRBKey>tracker.rule.condition.param.ignoreIfDeviceIsSame.description.RBKey</DescriptionRBKey>
      <Label>ignore if last login device is same</Label>
      <LabelRBKey>tracker.rule.condition.param.user_login_velocity.condition0.param.ignoreIfDeviceIsSame.label.RBKey</LabelRBKey>
      <Default>true</Default>
      <JavaClass>java.lang.Boolean</JavaClass>
      <ValueType>value.type.enum.boolean</ValueType>
      <ValueSubType/>
      <Validations/>
      <Notes/>
      <ParamOrder>2</ParamOrder>
    </Param>
  </Params>
</Condition>
